source_site,crawled_at,listing_url,detail_url,external_id,name_raw,category_raw,address_raw,map_url_raw,status_raw
www.makangs.com,2026-01-27T11:09:08+09:00,https://www.makangs.com/search_list.php?keyword=%EC%84%9C%EC%9A%B8,https://www.makangs.com/shop.php?code=129,129,홍대입구,,서울특별시 마포구 서교동 (상세주소 문의) / 홍대입구역 1번 출구 도보 1분,https://www.makangs.com/shop.php?code=129,
www.makangs.com,2026-01-27T11:09:08+09:00,https://www.makangs.com/search_list.php?keyword=%EC%84%9C%EC%9A%B8,https://www.makangs.com/shop.php?code=1407,1407,논현왓포타이마사지,,서울 강남구 논현동 182-25번지 화랑닭발 4층,https://www.makangs.com/shop.php?code=1407,
www.makangs.com,2026-01-27T11:09:08+09:00,https://www.makangs.com/search_list.php?keyword=%EC%84%9C%EC%9A%B8,https://www.makangs.com/shop.php?code=1446,1446,두바이테라피,,서울특별시 금천구 벚꽃로40길 3 / 가산동 42-16 / 가산디지털단지역 2번 출구 도보 3분,https://www.makangs.com/shop.php?code=1446,
www.makangs.com,2026-01-27T11:09:08+09:00,https://www.makangs.com/search_list.php?keyword=%EC%84%9C%EC%9A%B8,https://www.makangs.com/shop.php?code=1456,1456,타이365,,서울 서대문구 연세로 4길 19 3층,https://www.makangs.com/shop.php?code=1456,
www.makangs.com,2026-01-27T11:09:08+09:00,https://www.makangs.com/search_list.php?keyword=%EC%84%9C%EC%9A%B8,https://www.makangs.com/shop.php?code=1490,1490,풋앤조이,,서울 은평구 연서로211 하경빌딩 4층,https://www.makangs.com/shop.php?code=1490,
www.makangs.com,2026-01-27T11:09:08+09:00,https://www.makangs.com/search_list.php?keyword=%EC%84%9C%EC%9A%B8,https://www.makangs.com/shop.php?code=1497,1497,사월왁싱,,서울특별시 강남구 역삼로3길 17-6,https://www.makangs.com/shop.php?code=1497,
www.makangs.com,2026-01-27T11:09:08+09:00,https://www.makangs.com/search_list.php?keyword=%EC%84%9C%EC%9A%B8,https://www.makangs.com/shop.php?code=1499,1499,시온타이,,"서울 종로구 종로10길14, 4층",https://www.makangs.com/shop.php?code=1499,
www.makangs.com,2026-01-27T11:09:08+09:00,https://www.makangs.com/search_list.php?keyword=%EC%84%9C%EC%9A%B8,https://www.makangs.com/shop.php?code=1501,1501,왁싱맨,,서울특별시 강남구 강남대로84길 23,https://www.makangs.com/shop.php?code=1501,
www.makangs.com,2026-01-27T11:09:08+09:00,https://www.makangs.com/search_list.php?keyword=%EC%84%9C%EC%9A%B8,https://www.makangs.com/shop.php?code=1504,1504,이모꾸비,,서울특별시 은평구 진흥로 17 역촌동 43-47 2층,https://www.makangs.com/shop.php?code=1504,
www.makangs.com,2026-01-27T11:09:08+09:00,https://www.makangs.com/search_list.php?keyword=%EC%84%9C%EC%9A%B8,https://www.makangs.com/shop.php?code=1507,1507,업클로즈왁싱,,서울특별시 강남구 삼성로71길 32,https://www.makangs.com/shop.php?code=1507,
www.makangs.com,2026-01-27T11:09:08+09:00,https://www.makangs.com/search_list.php?keyword=%EC%84%9C%EC%9A%B8,https://www.makangs.com/shop.php?code=1512,1512,퀸슈가링왁싱,,"서울특별시 강남구 압구정로46길 5-6 / 신사동 660-17, 5층 506-B호 / 압구정로데오역 6번 출구 3분 거리",https://www.makangs.com/shop.php?code=1512,
www.makangs.com,2026-01-27T11:09:08+09:00,https://www.makangs.com/search_list.php?keyword=%EC%84%9C%EC%9A%B8,https://www.makangs.com/shop.php?code=1516,1516,입소문왁싱,,서울특별시 강남구 테헤란로55길 17,https://www.makangs.com/shop.php?code=1516,
www.makangs.com,2026-01-27T11:09:08+09:00,https://www.makangs.com/search_list.php?keyword=%EC%84%9C%EC%9A%B8,https://www.makangs.com/shop.php?code=1519,1519,LBL왁싱,,서울특별시 용산구 우사단로 40 이태원동 136-46 킹클럽 3층,https://www.makangs.com/shop.php?code=1519,
www.makangs.com,2026-01-27T11:09:08+09:00,https://www.makangs.com/search_list.php?keyword=%EC%84%9C%EC%9A%B8,https://www.makangs.com/shop.php?code=1520,1520,우먼뷰티끄,,서울특별시 강남구 테헤란로55길 17,https://www.makangs.com/shop.php?code=1520,
www.makangs.com,2026-01-27T11:09:08+09:00,https://www.makangs.com/search_list.php?keyword=%EC%84%9C%EC%9A%B8,https://www.makangs.com/shop.php?code=1526,1526,파리스왁싱태닝,,서울특별시 서초구 반포대로12길 14 서초동 1585-14 성암빌딩 5층,https://www.makangs.com/shop.php?code=1526,
www.makangs.com,2026-01-27T11:09:08+09:00,https://www.makangs.com/search_list.php?keyword=%EC%84%9C%EC%9A%B8,https://www.makangs.com/shop.php?code=1529,1529,뽐누왁싱,,서울특별시 강남구 삼성로103길 12,https://www.makangs.com/shop.php?code=1529,
www.makangs.com,2026-01-27T11:09:08+09:00,https://www.makangs.com/search_list.php?keyword=%EC%84%9C%EC%9A%B8,https://www.makangs.com/shop.php?code=1534,1534,워너비왁싱,,서울특별시 강남구 논현로158길 9,https://www.makangs.com/shop.php?code=1534,
www.makangs.com,2026-01-27T11:09:08+09:00,https://www.makangs.com/search_list.php?keyword=%EC%84%9C%EC%9A%B8,https://www.makangs.com/shop.php?code=1542,1542,W왁싱,,서울특별시 서초구 서초중앙로 95 서초동 1576-8 거북빌딩 2층,https://www.makangs.com/shop.php?code=1542,
www.makangs.com,2026-01-27T11:09:08+09:00,https://www.makangs.com/search_list.php?keyword=%EC%84%9C%EC%9A%B8,https://www.makangs.com/shop.php?code=1547,1547,마이뷰티,,서울특별시 강서구 강서로18길 21,https://www.makangs.com/shop.php?code=1547,
www.makangs.com,2026-01-27T11:09:08+09:00,https://www.makangs.com/search_list.php?keyword=%EC%84%9C%EC%9A%B8,https://www.makangs.com/shop.php?code=1554,1554,늘솜피다,,서울특별시 강서구 마곡중앙4로 18,https://www.makangs.com/shop.php?code=1554,
www.makangs.com,2026-01-27T11:09:08+09:00,https://www.makangs.com/search_list.php?keyword=%EC%84%9C%EC%9A%B8,https://www.makangs.com/shop.php?code=1555,1555,왁싱앤라인,,서울특별시 마포구 어울마당로 94-7 서교동 358-111 대유빌딩 5층,https://www.makangs.com/shop.php?code=1555,
www.makangs.com,2026-01-27T11:09:08+09:00,https://www.makangs.com/search_list.php?keyword=%EC%84%9C%EC%9A%B8,https://www.makangs.com/shop.php?code=1556,1556,우하뷰티랩,,서울특별시 강서구 공항대로 205,https://www.makangs.com/shop.php?code=1556,
www.makangs.com,2026-01-27T11:09:08+09:00,https://www.makangs.com/search_list.php?keyword=%EC%84%9C%EC%9A%B8,https://www.makangs.com/shop.php?code=1561,1561,일로왁싱,,서울특별시 마포구 홍익로6길 46 동교동 164-20 3층,https://www.makangs.com/shop.php?code=1561,
www.makangs.com,2026-01-27T11:09:08+09:00,https://www.makangs.com/search_list.php?keyword=%EC%84%9C%EC%9A%B8,https://www.makangs.com/shop.php?code=167,167,홍대THENEW스웨디시&로미,,"서울특별시 마포구 양화로16길 14 / 서교동 370-1, 2층 / 홍대입구역 9번 출구 도보 7분",https://www.makangs.com/shop.php?code=167,
www.makangs.com,2026-01-27T11:09:08+09:00,https://www.makangs.com/search_list.php?keyword=%EC%84%9C%EC%9A%B8,https://www.makangs.com/shop.php?code=1689,1689,스파이레,,서울특별시 강남구 언주로 314,https://www.makangs.com/shop.php?code=1689,
www.makangs.com,2026-01-27T11:09:08+09:00,https://www.makangs.com/search_list.php?keyword=%EC%84%9C%EC%9A%B8,https://www.makangs.com/shop.php?code=1691,1691,라벨르,,서울특별시 강남구 강남대로84길 8,https://www.makangs.com/shop.php?code=1691,
www.makangs.com,2026-01-27T11:09:08+09:00,https://www.makangs.com/search_list.php?keyword=%EC%84%9C%EC%9A%B8,https://www.makangs.com/shop.php?code=1696,1696,업클로즈뷰티에스테틱,,서울특별시 강남구 삼성로71길 32,https://www.makangs.com/shop.php?code=1696,
www.makangs.com,2026-01-27T11:09:08+09:00,https://www.makangs.com/search_list.php?keyword=%EC%84%9C%EC%9A%B8,https://www.makangs.com/shop.php?code=1705,1705,비엘에스테틱,,서울특별시 강남구 강남대로92길 13,https://www.makangs.com/shop.php?code=1705,
www.makangs.com,2026-01-27T11:09:08+09:00,https://www.makangs.com/search_list.php?keyword=%EC%84%9C%EC%9A%B8,https://www.makangs.com/shop.php?code=1707,1707,아이리스뷰티,,서울특별시 강남구 역삼로63길 20,https://www.makangs.com/shop.php?code=1707,
www.makangs.com,2026-01-27T11:09:08+09:00,https://www.makangs.com/search_list.php?keyword=%EC%84%9C%EC%9A%B8,https://www.makangs.com/shop.php?code=1710,1710,뷰티라인업,,서울특별시 강남구 강남대로96길 12,https://www.makangs.com/shop.php?code=1710,
www.makangs.com,2026-01-27T11:09:08+09:00,https://www.makangs.com/search_list.php?keyword=%EC%84%9C%EC%9A%B8,https://www.makangs.com/shop.php?code=1713,1713,신라에스테,,서울특별시 중구 명동8가길 42 충무로2가 62-5 2층,https://www.makangs.com/shop.php?code=1713,
www.makangs.com,2026-01-27T11:09:08+09:00,https://www.makangs.com/search_list.php?keyword=%EC%84%9C%EC%9A%B8,https://www.makangs.com/shop.php?code=1716,1716,벨라인에스테틱,,서울특별시 강남구 역삼로69길 27,https://www.makangs.com/shop.php?code=1716,
www.makangs.com,2026-01-27T11:09:08+09:00,https://www.makangs.com/search_list.php?keyword=%EC%84%9C%EC%9A%B8,https://www.makangs.com/shop.php?code=1721,1721,시몬말레에스테틱,,서울특별시 강남구 논현로98길 5,https://www.makangs.com/shop.php?code=1721,
www.makangs.com,2026-01-27T11:09:08+09:00,https://www.makangs.com/search_list.php?keyword=%EC%84%9C%EC%9A%B8,https://www.makangs.com/shop.php?code=1722,1722,헤라에스테,,서울특별시 중구 명동8가길 37 / 충무로2가 12-14 3층,https://www.makangs.com/shop.php?code=1722,
www.makangs.com,2026-01-27T11:09:08+09:00,https://www.makangs.com/search_list.php?keyword=%EC%84%9C%EC%9A%B8,https://www.makangs.com/shop.php?code=1723,1723,피토메르,,서울특별시 강남구 선릉로 514 / 삼성동 141,https://www.makangs.com/shop.php?code=1723,
www.makangs.com,2026-01-27T11:09:08+09:00,https://www.makangs.com/search_list.php?keyword=%EC%84%9C%EC%9A%B8,https://www.makangs.com/shop.php?code=1725,1725,거꾸로가는시간,,서울특별시 강남구 선릉로 520,https://www.makangs.com/shop.php?code=1725,
www.makangs.com,2026-01-27T11:09:08+09:00,https://www.makangs.com/search_list.php?keyword=%EC%84%9C%EC%9A%B8,https://www.makangs.com/shop.php?code=1726,1726,뷰티플래너,,서울특별시 서초구 사평대로56길 7,https://www.makangs.com/shop.php?code=1726,
www.makangs.com,2026-01-27T11:09:08+09:00,https://www.makangs.com/search_list.php?keyword=%EC%84%9C%EC%9A%B8,https://www.makangs.com/shop.php?code=1727,1727,더윤에스테틱,,서울특별시 강남구 테헤란로 532 / 대치동 946,https://www.makangs.com/shop.php?code=1727,
www.makangs.com,2026-01-27T11:09:08+09:00,https://www.makangs.com/search_list.php?keyword=%EC%84%9C%EC%9A%B8,https://www.makangs.com/shop.php?code=1729,1729,삿에스떼,,서울특별시 강남구 삼성로96길 15,https://www.makangs.com/shop.php?code=1729,
www.makangs.com,2026-01-27T11:09:08+09:00,https://www.makangs.com/search_list.php?keyword=%EC%84%9C%EC%9A%B8,https://www.makangs.com/shop.php?code=1733,1733,슈가스킨앤바디,,서울특별시 강남구 언주로108길 21-6 / 역삼동 681-19,https://www.makangs.com/shop.php?code=1733,
www.makangs.com,2026-01-27T11:09:08+09:00,https://www.makangs.com/search_list.php?keyword=%EC%84%9C%EC%9A%B8,https://www.makangs.com/shop.php?code=1739,1739,박수정청담뷰티센터,,서울특별시 강남구 학동로77길 10,https://www.makangs.com/shop.php?code=1739,
www.makangs.com,2026-01-27T11:09:08+09:00,https://www.makangs.com/search_list.php?keyword=%EC%84%9C%EC%9A%B8,https://www.makangs.com/shop.php?code=1741,1741,에너지명가,,서울특별시 강남구 삼성로145길 11-4,https://www.makangs.com/shop.php?code=1741,
www.makangs.com,2026-01-27T11:09:08+09:00,https://www.makangs.com/search_list.php?keyword=%EC%84%9C%EC%9A%B8,https://www.makangs.com/shop.php?code=1751,1751,디오리엔탈스파,,서울특별시 강남구 논현로175길 69,https://www.makangs.com/shop.php?code=1751,
www.makangs.com,2026-01-27T11:09:08+09:00,https://www.makangs.com/search_list.php?keyword=%EC%84%9C%EC%9A%B8,https://www.makangs.com/shop.php?code=1752,1752,스킨포에버,,서울특별시 강남구 압구정로14길 6,https://www.makangs.com/shop.php?code=1752,
www.makangs.com,2026-01-27T11:09:08+09:00,https://www.makangs.com/search_list.php?keyword=%EC%84%9C%EC%9A%B8,https://www.makangs.com/shop.php?code=1757,1757,아이스타뷰티라운지,,서울특별시 강남구 언주로172길 11,https://www.makangs.com/shop.php?code=1757,
www.makangs.com,2026-01-27T11:09:08+09:00,https://www.makangs.com/search_list.php?keyword=%EC%84%9C%EC%9A%B8,https://www.makangs.com/shop.php?code=1758,1758,김수연뷰티캐슬,,서울특별시 강남구 언주로173길 19,https://www.makangs.com/shop.php?code=1758,
www.makangs.com,2026-01-27T11:09:08+09:00,https://www.makangs.com/search_list.php?keyword=%EC%84%9C%EC%9A%B8,https://www.makangs.com/shop.php?code=1759,1759,빈에스테틱,,서울특별시 강동구 천호대로170길 34,https://www.makangs.com/shop.php?code=1759,
www.makangs.com,2026-01-27T11:09:08+09:00,https://www.makangs.com/search_list.php?keyword=%EC%84%9C%EC%9A%B8,https://www.makangs.com/shop.php?code=1761,1761,리본에스테틱,,서울특별시 강동구 천호대로 1073,https://www.makangs.com/shop.php?code=1761,
www.makangs.com,2026-01-27T11:09:08+09:00,https://www.makangs.com/search_list.php?keyword=%EC%84%9C%EC%9A%B8,https://www.makangs.com/shop.php?code=1762,1762,플로,,서울 광진구 화양동 49-18,https://www.makangs.com/shop.php?code=1762,
www.makangs.com,2026-01-27T11:09:08+09:00,https://www.makangs.com/search_list.php?keyword=%EC%84%9C%EC%9A%B8,https://www.makangs.com/shop.php?code=1763,1763,에스더스킨앤바디,,서울특별시 강동구 구천면로 424,https://www.makangs.com/shop.php?code=1763,
www.makangs.com,2026-01-27T11:09:08+09:00,https://www.makangs.com/search_list.php?keyword=%EC%84%9C%EC%9A%B8,https://www.makangs.com/shop.php?code=1765,1765,이브미슬림,,서울특별시 강동구 구천면로 431-6,https://www.makangs.com/shop.php?code=1765,
www.makangs.com,2026-01-27T11:09:08+09:00,https://www.makangs.com/search_list.php?keyword=%EC%84%9C%EC%9A%B8,https://www.makangs.com/shop.php?code=1774,1774,비올채스킨테라피,,서울특별시 강서구 화곡로55길 12,https://www.makangs.com/shop.php?code=1774,
www.makangs.com,2026-01-27T11:09:08+09:00,https://www.makangs.com/search_list.php?keyword=%EC%84%9C%EC%9A%B8,https://www.makangs.com/shop.php?code=1781,1781,에뜨네르,,서울특별시 종로구 종로 19 종로1가 24 르메이에르종로타운1 5층,https://www.makangs.com/shop.php?code=1781,
www.makangs.com,2026-01-27T11:09:08+09:00,https://www.makangs.com/search_list.php?keyword=%EC%84%9C%EC%9A%B8,https://www.makangs.com/shop.php?code=1784,1784,올리니끄,,서울특별시 은평구 통일로72길 17-4 불광동 296-12,https://www.makangs.com/shop.php?code=1784,
www.makangs.com,2026-01-27T11:09:08+09:00,https://www.makangs.com/search_list.php?keyword=%EC%84%9C%EC%9A%B8,https://www.makangs.com/shop.php?code=1786,1786,예쁘다스킨케어,,서울특별시 은평구 갈현로11길 14 구산동 177-83 파크원 1층 예쁘다스킨케어,https://www.makangs.com/shop.php?code=1786,
www.makangs.com,2026-01-27T11:09:08+09:00,https://www.makangs.com/search_list.php?keyword=%EC%84%9C%EC%9A%B8,https://www.makangs.com/shop.php?code=1788,1788,명동에스테틱,,서울특별시 용산구 새창로14길 50 용문동 41-2 경인약국 2층,https://www.makangs.com/shop.php?code=1788,
www.makangs.com,2026-01-27T11:09:08+09:00,https://www.makangs.com/search_list.php?keyword=%EC%84%9C%EC%9A%B8,https://www.makangs.com/shop.php?code=1794,1794,오스킨앤스파,,서울특별시 영등포구 양평로 127 양평동5가 26-8 4층,https://www.makangs.com/shop.php?code=1794,
www.makangs.com,2026-01-27T11:09:08+09:00,https://www.makangs.com/search_list.php?keyword=%EC%84%9C%EC%9A%B8,https://www.makangs.com/shop.php?code=1795,1795,바비스킨,,서울특별시 양천구 목동서로 213 목동 923,https://www.makangs.com/shop.php?code=1795,
www.makangs.com,2026-01-27T11:09:08+09:00,https://www.makangs.com/search_list.php?keyword=%EC%84%9C%EC%9A%B8,https://www.makangs.com/shop.php?code=1797,1797,다해에스테틱,,서울특별시 송파구 동남로 202 가락동 193-3 광성빌딩 2층,https://www.makangs.com/shop.php?code=1797,
www.makangs.com,2026-01-27T11:09:08+09:00,https://www.makangs.com/search_list.php?keyword=%EC%84%9C%EC%9A%B8,https://www.makangs.com/shop.php?code=1798,1798,최성희SB에스테틱,,서울특별시 송파구 가락로 141 송파동 95-54 3층,https://www.makangs.com/shop.php?code=1798,
www.makangs.com,2026-01-27T11:09:08+09:00,https://www.makangs.com/search_list.php?keyword=%EC%84%9C%EC%9A%B8,https://www.makangs.com/shop.php?code=1801,1801,일므이에스테틱,,서울특별시 송파구 백제고분로7길 50 / 잠실동 186-14 위더스빌딩(잠실) 3층,https://www.makangs.com/shop.php?code=1801,
www.makangs.com,2026-01-27T11:09:08+09:00,https://www.makangs.com/search_list.php?keyword=%EC%84%9C%EC%9A%B8,https://www.makangs.com/shop.php?code=1803,1803,스킨포유,,서울특별시 강서구 강서로56길 17,https://www.makangs.com/shop.php?code=1803,
www.makangs.com,2026-01-27T11:09:08+09:00,https://www.makangs.com/search_list.php?keyword=%EC%84%9C%EC%9A%B8,https://www.makangs.com/shop.php?code=1812,1812,뷰티진스킨케어,,서울특별시 강서구 공항대로 209,https://www.makangs.com/shop.php?code=1812,
www.makangs.com,2026-01-27T11:09:08+09:00,https://www.makangs.com/search_list.php?keyword=%EC%84%9C%EC%9A%B8,https://www.makangs.com/shop.php?code=1813,1813,우하뷰티랩,,서울특별시 강서구 공항대로 205,https://www.makangs.com/shop.php?code=1813,
www.makangs.com,2026-01-27T11:09:08+09:00,https://www.makangs.com/search_list.php?keyword=%EC%84%9C%EC%9A%B8,https://www.makangs.com/shop.php?code=1814,1814,바이제이뷰티,,서울특별시 강서구 마곡중앙로 171,https://www.makangs.com/shop.php?code=1814,
www.makangs.com,2026-01-27T11:09:08+09:00,https://www.makangs.com/search_list.php?keyword=%EC%84%9C%EC%9A%B8,https://www.makangs.com/shop.php?code=1815,1815,타라테라피,,서울특별시 성북구 화랑로11길 26 하월곡동 227 월곡갑을명가 2층,https://www.makangs.com/shop.php?code=1815,
www.makangs.com,2026-01-27T11:09:08+09:00,https://www.makangs.com/search_list.php?keyword=%EC%84%9C%EC%9A%B8,https://www.makangs.com/shop.php?code=1816,1816,하라에스테틱,,서울특별시 관악구 난곡로66가길 17,https://www.makangs.com/shop.php?code=1816,
www.makangs.com,2026-01-27T11:09:08+09:00,https://www.makangs.com/search_list.php?keyword=%EC%84%9C%EC%9A%B8,https://www.makangs.com/shop.php?code=1817,1817,오늘피부맑음,,서울특별시 광진구 뚝섬로52다길 8,https://www.makangs.com/shop.php?code=1817,
www.makangs.com,2026-01-27T11:09:08+09:00,https://www.makangs.com/search_list.php?keyword=%EC%84%9C%EC%9A%B8,https://www.makangs.com/shop.php?code=1820,1820,올가드림뷰티,,서울특별시 광진구 자양로28길 90,https://www.makangs.com/shop.php?code=1820,
www.makangs.com,2026-01-27T11:09:08+09:00,https://www.makangs.com/search_list.php?keyword=%EC%84%9C%EC%9A%B8,https://www.makangs.com/shop.php?code=1822,1822,얼짱몸짱,,서울특별시 구로구 남부순환로97길 12,https://www.makangs.com/shop.php?code=1822,
www.makangs.com,2026-01-27T11:09:08+09:00,https://www.makangs.com/search_list.php?keyword=%EC%84%9C%EC%9A%B8,https://www.makangs.com/shop.php?code=1825,1825,이끌림에스테틱,,서울특별시 구로구 경서로5길 8 / 고척동 134-106 / 개봉역 2번 출구 도보 17분,https://www.makangs.com/shop.php?code=1825,
www.makangs.com,2026-01-27T11:09:08+09:00,https://www.makangs.com/search_list.php?keyword=%EC%84%9C%EC%9A%B8,https://www.makangs.com/shop.php?code=1827,1827,명품피부관리,,서울특별시 노원구 동일로216길 92,https://www.makangs.com/shop.php?code=1827,
www.makangs.com,2026-01-27T11:09:08+09:00,https://www.makangs.com/search_list.php?keyword=%EC%84%9C%EC%9A%B8,https://www.makangs.com/shop.php?code=1828,1828,뷰티플래너,,서울특별시 노원구 동일로 1393,https://www.makangs.com/shop.php?code=1828,
www.makangs.com,2026-01-27T11:09:08+09:00,https://www.makangs.com/search_list.php?keyword=%EC%84%9C%EC%9A%B8,https://www.makangs.com/shop.php?code=1829,1829,정윤희뷰티,,서울특별시 노원구 동일로218길 17 / 상계동 726-1,https://www.makangs.com/shop.php?code=1829,
www.makangs.com,2026-01-27T11:09:08+09:00,https://www.makangs.com/search_list.php?keyword=%EC%84%9C%EC%9A%B8,https://www.makangs.com/shop.php?code=1830,1830,수스킨케어,,서울특별시 노원구 동일로 1541,https://www.makangs.com/shop.php?code=1830,
www.makangs.com,2026-01-27T11:09:08+09:00,https://www.makangs.com/search_list.php?keyword=%EC%84%9C%EC%9A%B8,https://www.makangs.com/shop.php?code=1831,1831,로즈마리에스테틱,,서울특별시 도봉구 도봉로 476,https://www.makangs.com/shop.php?code=1831,
www.makangs.com,2026-01-27T11:09:08+09:00,https://www.makangs.com/search_list.php?keyword=%EC%84%9C%EC%9A%B8,https://www.makangs.com/shop.php?code=1832,1832,스킨앤스파,,서울특별시 동대문구 왕산로 210,https://www.makangs.com/shop.php?code=1832,
www.makangs.com,2026-01-27T11:09:08+09:00,https://www.makangs.com/search_list.php?keyword=%EC%84%9C%EC%9A%B8,https://www.makangs.com/shop.php?code=1835,1835,전스에스테틱,,서울특별시 동작구 사당로16길 34,https://www.makangs.com/shop.php?code=1835,
www.makangs.com,2026-01-27T11:09:08+09:00,https://www.makangs.com/search_list.php?keyword=%EC%84%9C%EC%9A%B8,https://www.makangs.com/shop.php?code=1836,1836,이브스킨아트,,서울특별시 중구 명동10길 25-1,https://www.makangs.com/shop.php?code=1836,
www.makangs.com,2026-01-27T11:09:08+09:00,https://www.makangs.com/search_list.php?keyword=%EC%84%9C%EC%9A%B8,https://www.makangs.com/shop.php?code=1838,1838,율뷰티앤힐링,,서울특별시 마포구 마포대로 109,https://www.makangs.com/shop.php?code=1838,
www.makangs.com,2026-01-27T11:09:08+09:00,https://www.makangs.com/search_list.php?keyword=%EC%84%9C%EC%9A%B8,https://www.makangs.com/shop.php?code=1839,1839,아울스파,,서울특별시 중구 남대문로9길 40,https://www.makangs.com/shop.php?code=1839,
www.makangs.com,2026-01-27T11:09:08+09:00,https://www.makangs.com/search_list.php?keyword=%EC%84%9C%EC%9A%B8,https://www.makangs.com/shop.php?code=1840,1840,김선아에스테틱,,서울특별시 마포구 마포대로 214,https://www.makangs.com/shop.php?code=1840,
www.makangs.com,2026-01-27T11:09:08+09:00,https://www.makangs.com/search_list.php?keyword=%EC%84%9C%EC%9A%B8,https://www.makangs.com/shop.php?code=1841,1841,트랑스파랑,,서울특별시 서초구 방배천로2안길 51 방배동 451-19 1층,https://www.makangs.com/shop.php?code=1841,
www.makangs.com,2026-01-27T11:09:08+09:00,https://www.makangs.com/search_list.php?keyword=%EC%84%9C%EC%9A%B8,https://www.makangs.com/shop.php?code=1842,1842,힐링,,서울특별시 송파구 올림픽로12길 35-1,https://www.makangs.com/shop.php?code=1842,
www.makangs.com,2026-01-27T11:09:08+09:00,https://www.makangs.com/search_list.php?keyword=%EC%84%9C%EC%9A%B8,https://www.makangs.com/shop.php?code=1844,1844,르미뷰티,,서울특별시 송파구 백제고분로7길 41,https://www.makangs.com/shop.php?code=1844,
www.makangs.com,2026-01-27T11:09:08+09:00,https://www.makangs.com/search_list.php?keyword=%EC%84%9C%EC%9A%B8,https://www.makangs.com/shop.php?code=1852,1852,이모아에스테틱,,서울특별시 마포구 월드컵로 190,https://www.makangs.com/shop.php?code=1852,
www.makangs.com,2026-01-27T11:09:08+09:00,https://www.makangs.com/search_list.php?keyword=%EC%84%9C%EC%9A%B8,https://www.makangs.com/shop.php?code=1860,1860,박성희명품에스테틱,,서울특별시 서초구 서초대로 3-4 방배동 3001-2 방배디오슈페리움1 B 705호,https://www.makangs.com/shop.php?code=1860,
www.makangs.com,2026-01-27T11:09:08+09:00,https://www.makangs.com/search_list.php?keyword=%EC%84%9C%EC%9A%B8,https://www.makangs.com/shop.php?code=1875,1875,위치스터치스킨,,"서울특별시 서초구 강남대로 515 / 반포동 723-14, 3층 / 논현역 3번 출구 도보 4분",https://www.makangs.com/shop.php?code=1875,
www.makangs.com,2026-01-27T11:09:08+09:00,https://www.makangs.com/search_list.php?keyword=%EC%84%9C%EC%9A%B8,https://www.makangs.com/shop.php?code=1878,1878,얼굴선햅번스타일,,서울특별시 서초구 신반포로47길 12 잠원동 38-17 유봉빌딩 5층,https://www.makangs.com/shop.php?code=1878,
www.makangs.com,2026-01-27T11:09:08+09:00,https://www.makangs.com/search_list.php?keyword=%EC%84%9C%EC%9A%B8,https://www.makangs.com/shop.php?code=2007,2007,스파드자이,,서울특별시 강남구 도곡로 147 역삼동 840-10 지하 1층,https://www.makangs.com/shop.php?code=2007,
www.makangs.com,2026-01-27T11:09:08+09:00,https://www.makangs.com/search_list.php?keyword=%EC%84%9C%EC%9A%B8,https://www.makangs.com/shop.php?code=2064,2064,르수아,,서울특별시 강남구 도곡로18길 13 / 도곡동 548-5 / 양재역 4번 출구 도보 14분,https://www.makangs.com/shop.php?code=2064,
www.makangs.com,2026-01-27T11:09:08+09:00,https://www.makangs.com/search_list.php?keyword=%EC%84%9C%EC%9A%B8,https://www.makangs.com/shop.php?code=2065,2065,힐링아로마,,서울특별시 중랑구 동일로 884 / 묵동 122-361 2층,https://www.makangs.com/shop.php?code=2065,
www.makangs.com,2026-01-27T11:09:08+09:00,https://www.makangs.com/search_list.php?keyword=%EC%84%9C%EC%9A%B8,https://www.makangs.com/shop.php?code=2092,2092,바디앤풋,,서울특별시 서초구 강남대로39길 5,https://www.makangs.com/shop.php?code=2092,
www.makangs.com,2026-01-27T11:09:08+09:00,https://www.makangs.com/search_list.php?keyword=%EC%84%9C%EC%9A%B8,https://www.makangs.com/shop.php?code=2119,2119,교대명가,,서울특별시 서초구 반포대로26길 49,https://www.makangs.com/shop.php?code=2119,
www.makangs.com,2026-01-27T11:09:08+09:00,https://www.makangs.com/search_list.php?keyword=%EC%84%9C%EC%9A%B8,https://www.makangs.com/shop.php?code=2121,2121,베트남황제힐링케어,,서울특별시 구로구 디지털로32길 92,https://www.makangs.com/shop.php?code=2121,
www.makangs.com,2026-01-27T11:09:08+09:00,https://www.makangs.com/search_list.php?keyword=%EC%84%9C%EC%9A%B8,https://www.makangs.com/shop.php?code=2122,2122,차이나랜드,,서울특별시 광진구 동일로22길 68,https://www.makangs.com/shop.php?code=2122,
www.makangs.com,2026-01-27T11:09:08+09:00,https://www.makangs.com/search_list.php?keyword=%EC%84%9C%EC%9A%B8,https://www.makangs.com/shop.php?code=2125,2125,건강원중국전통,,서울특별시 영등포구 대림로22길 33,https://www.makangs.com/shop.php?code=2125,
www.makangs.com,2026-01-27T11:09:08+09:00,https://www.makangs.com/search_list.php?keyword=%EC%84%9C%EC%9A%B8,https://www.makangs.com/shop.php?code=2126,2126,청룡중국전통발관리,,서울특별시 관악구 관악로 199,https://www.makangs.com/shop.php?code=2126,
www.makangs.com,2026-01-27T11:09:08+09:00,https://www.makangs.com/search_list.php?keyword=%EC%84%9C%EC%9A%B8,https://www.makangs.com/shop.php?code=2136,2136,허니테라피,,서울특별시 송파구 송파대로28길 27,https://www.makangs.com/shop.php?code=2136,
www.makangs.com,2026-01-27T11:09:08+09:00,https://www.makangs.com/search_list.php?keyword=%EC%84%9C%EC%9A%B8,https://www.makangs.com/shop.php?code=2222,2222,명손마사지,,서울특별시 영등포구 당산로28길 2 / 당산동3가 295-1 (목화빌딩 2층),https://www.makangs.com/shop.php?code=2222,
www.makangs.com,2026-01-27T11:09:08+09:00,https://www.makangs.com/search_list.php?keyword=%EC%84%9C%EC%9A%B8,https://www.makangs.com/shop.php?code=2268,2268,아울스파&에스테틱,,서울특별시 중구 남대문로9길 40 / 다동 155 센터플레이스(Center Place) 지하 1층,https://www.makangs.com/shop.php?code=2268,
www.makangs.com,2026-01-27T11:09:08+09:00,https://www.makangs.com/search_list.php?keyword=%EC%84%9C%EC%9A%B8,https://www.makangs.com/shop.php?code=2313,2313,포시즌체형관리,,서울특별시 동작구 성대로1길 16 2층,https://www.makangs.com/shop.php?code=2313,
www.makangs.com,2026-01-27T11:09:08+09:00,https://www.makangs.com/search_list.php?keyword=%EC%84%9C%EC%9A%B8,https://www.makangs.com/shop.php?code=2314,2314,달보드레뷰티,,서울특별시 동대문구 무학로36길 42,https://www.makangs.com/shop.php?code=2314,
www.makangs.com,2026-01-27T11:09:08+09:00,https://www.makangs.com/search_list.php?keyword=%EC%84%9C%EC%9A%B8,https://www.makangs.com/shop.php?code=2318,2318,베트남힐링케어,,서울특별시 송파구 오금로11길 33 방이동 39-2 신동아타워 2층,https://www.makangs.com/shop.php?code=2318,
www.makangs.com,2026-01-27T11:09:08+09:00,https://www.makangs.com/search_list.php?keyword=%EC%84%9C%EC%9A%B8,https://www.makangs.com/shop.php?code=2319,2319,복스파,,서울특별시 강남구 논현로 339 / 역삼동 790-8 양양빌딩 2층   복사,https://www.makangs.com/shop.php?code=2319,
www.makangs.com,2026-01-27T11:09:08+09:00,https://www.makangs.com/search_list.php?keyword=%EC%84%9C%EC%9A%B8,https://www.makangs.com/shop.php?code=2329,2329,더힐링,,서울 은평구 응암로 247 3층 / 응암동 124-17,https://www.makangs.com/shop.php?code=2329,
www.makangs.com,2026-01-27T11:09:08+09:00,https://www.makangs.com/search_list.php?keyword=%EC%84%9C%EC%9A%B8,https://www.makangs.com/shop.php?code=2330,2330,기체형관리,,서울특별시 영등포구 국제금융로 112,https://www.makangs.com/shop.php?code=2330,
www.makangs.com,2026-01-27T11:09:08+09:00,https://www.makangs.com/search_list.php?keyword=%EC%84%9C%EC%9A%B8,https://www.makangs.com/shop.php?code=2336,2336,디올테라피,,서울특별시 은평구 연서로 201 / 갈현동 460-22 (2층) / 연신내역 5번 출구 도보 5분,https://www.makangs.com/shop.php?code=2336,
www.makangs.com,2026-01-27T11:09:08+09:00,https://www.makangs.com/search_list.php?keyword=%EC%84%9C%EC%9A%B8,https://www.makangs.com/shop.php?code=236,236,라꾸왁싱,,서울특별시 강남구 테헤란로4길 6 (센트럴 푸르지오 시티 B 지하 2층 220호) /  강남역 1번 출구 도보 1분,https://www.makangs.com/shop.php?code=236,
www.makangs.com,2026-01-27T11:09:08+09:00,https://www.makangs.com/search_list.php?keyword=%EC%84%9C%EC%9A%B8,https://www.makangs.com/shop.php?code=2378,2378,고트테라피,,서울특별시 서초구 신반포로47길 23 / 잠원동 39-5 / 논현역 7번 출구 인근,https://www.makangs.com/shop.php?code=2378,
www.makangs.com,2026-01-27T11:09:08+09:00,https://www.makangs.com/search_list.php?keyword=%EC%84%9C%EC%9A%B8,https://www.makangs.com/shop.php?code=239,239,제니의왁싱스토리,,서울특별시 강남구 테헤란로14길 8 / 역삼역 3번 출구 도보 5분,https://www.makangs.com/shop.php?code=239,
www.makangs.com,2026-01-27T11:09:08+09:00,https://www.makangs.com/search_list.php?keyword=%EC%84%9C%EC%9A%B8,https://www.makangs.com/shop.php?code=242,242,제이에스뷰티,,서울특별시 동대문구 휘경동 321-57 (이문로 36) / 회기역 1번 출구 도보 3분,https://www.makangs.com/shop.php?code=242,
www.makangs.com,2026-01-27T11:09:08+09:00,https://www.makangs.com/search_list.php?keyword=%EC%84%9C%EC%9A%B8,https://www.makangs.com/shop.php?code=2450,2450,치어풀포맨,,서울특별시 마포구 동교로38안길 13,https://www.makangs.com/shop.php?code=2450,
www.makangs.com,2026-01-27T11:09:08+09:00,https://www.makangs.com/search_list.php?keyword=%EC%84%9C%EC%9A%B8,https://www.makangs.com/shop.php?code=2462,2462,박수정에스테틱,,서울 송파구 위례광장로 199 성희프라자 211호,https://www.makangs.com/shop.php?code=2462,
www.makangs.com,2026-01-27T11:09:08+09:00,https://www.makangs.com/search_list.php?keyword=%EC%84%9C%EC%9A%B8,https://www.makangs.com/shop.php?code=2471,2471,라르본뷰티,,서울특별시 서대문구 연세로 10-1,https://www.makangs.com/shop.php?code=2471,
www.makangs.com,2026-01-27T11:09:08+09:00,https://www.makangs.com/search_list.php?keyword=%EC%84%9C%EC%9A%B8,https://www.makangs.com/shop.php?code=2477,2477,애플스웨디시,,서울특별시 노원구 동일로 1700 / 상계동 1267,https://www.makangs.com/shop.php?code=2477,
www.makangs.com,2026-01-27T11:09:08+09:00,https://www.makangs.com/search_list.php?keyword=%EC%84%9C%EC%9A%B8,https://www.makangs.com/shop.php?code=248,248,루미오슈가링왁싱,,서울특별시 강남구 봉은사로4길 19 2층 / 신논현역 4번 출구 도보 2분,https://www.makangs.com/shop.php?code=248,
www.makangs.com,2026-01-27T11:09:08+09:00,https://www.makangs.com/search_list.php?keyword=%EC%84%9C%EC%9A%B8,https://www.makangs.com/shop.php?code=2492,2492,민슈가링왁싱,,서울특별시 노원구 동일로 1323 2층,https://www.makangs.com/shop.php?code=2492,
www.makangs.com,2026-01-27T11:09:08+09:00,https://www.makangs.com/search_list.php?keyword=%EC%84%9C%EC%9A%B8,https://www.makangs.com/shop.php?code=2493,2493,상봉왁싱앤뷰티,,서울특별시 중랑구 망우로 346,https://www.makangs.com/shop.php?code=2493,
www.makangs.com,2026-01-27T11:09:08+09:00,https://www.makangs.com/search_list.php?keyword=%EC%84%9C%EC%9A%B8,https://www.makangs.com/shop.php?code=253,253,뷰티플래너,,서울특별시 서초구 사평대로56길 7 3층 / 신논현역 7번 출구 도보 2분,https://www.makangs.com/shop.php?code=253,
www.makangs.com,2026-01-27T11:09:08+09:00,https://www.makangs.com/search_list.php?keyword=%EC%84%9C%EC%9A%B8,https://www.makangs.com/shop.php?code=2548,2548,문테라피,,서울특별시 양천구 신정중앙로23길 7,https://www.makangs.com/shop.php?code=2548,
www.makangs.com,2026-01-27T11:09:08+09:00,https://www.makangs.com/search_list.php?keyword=%EC%84%9C%EC%9A%B8,https://www.makangs.com/shop.php?code=2556,2556,황실테라피,,서울특별시 송파구 백제고분로39길 14,https://www.makangs.com/shop.php?code=2556,
www.makangs.com,2026-01-27T11:09:08+09:00,https://www.makangs.com/search_list.php?keyword=%EC%84%9C%EC%9A%B8,https://www.makangs.com/shop.php?code=2558,2558,진아로마,,서울특별시 영등포구 영등포로 252,https://www.makangs.com/shop.php?code=2558,
www.makangs.com,2026-01-27T11:09:08+09:00,https://www.makangs.com/search_list.php?keyword=%EC%84%9C%EC%9A%B8,https://www.makangs.com/shop.php?code=2563,2563,건전바디&풋,,서울특별시 서초구 강남대로 523,https://www.makangs.com/shop.php?code=2563,
www.makangs.com,2026-01-27T11:09:08+09:00,https://www.makangs.com/search_list.php?keyword=%EC%84%9C%EC%9A%B8,https://www.makangs.com/shop.php?code=2577,2577,숲스웨디시,,"서울특별시 송파구 백제고분로7길 18, 3층",https://www.makangs.com/shop.php?code=2577,
www.makangs.com,2026-01-27T11:09:08+09:00,https://www.makangs.com/search_list.php?keyword=%EC%84%9C%EC%9A%B8,https://www.makangs.com/shop.php?code=2587,2587,스파마사지,,서울특별시 송파구 오금로 / 방이동,https://www.makangs.com/shop.php?code=2587,
www.makangs.com,2026-01-27T11:09:08+09:00,https://www.makangs.com/search_list.php?keyword=%EC%84%9C%EC%9A%B8,https://www.makangs.com/shop.php?code=2594,2594,스킨쓰담,,서울특별시 동작구 동작대로3길 10,https://www.makangs.com/shop.php?code=2594,
www.makangs.com,2026-01-27T11:09:08+09:00,https://www.makangs.com/search_list.php?keyword=%EC%84%9C%EC%9A%B8,https://www.makangs.com/shop.php?code=2595,2595,도나두피&에스테틱,,서울특별시 광진구 아차산로 291,https://www.makangs.com/shop.php?code=2595,
www.makangs.com,2026-01-27T11:09:08+09:00,https://www.makangs.com/search_list.php?keyword=%EC%84%9C%EC%9A%B8,https://www.makangs.com/shop.php?code=2596,2596,아임제이왁싱,,서울특별시 강남구 논현로85길 5-5,https://www.makangs.com/shop.php?code=2596,
www.makangs.com,2026-01-27T11:09:08+09:00,https://www.makangs.com/search_list.php?keyword=%EC%84%9C%EC%9A%B8,https://www.makangs.com/shop.php?code=260,260,닉스왁싱,,서울특별시 강남구 강남대로66길 14 2층 / 강남역 4번 출구 도보 8분,https://www.makangs.com/shop.php?code=260,
www.makangs.com,2026-01-27T11:09:08+09:00,https://www.makangs.com/search_list.php?keyword=%EC%84%9C%EC%9A%B8,https://www.makangs.com/shop.php?code=2626,2626,나세르래쉬,,서울특별시 중랑구 면목로45길 36 1층,https://www.makangs.com/shop.php?code=2626,
www.makangs.com,2026-01-27T11:09:08+09:00,https://www.makangs.com/search_list.php?keyword=%EC%84%9C%EC%9A%B8,https://www.makangs.com/shop.php?code=2628,2628,프레쉬왁싱,,서울특별시 관악구 남부순환로 1622,https://www.makangs.com/shop.php?code=2628,
www.makangs.com,2026-01-27T11:09:08+09:00,https://www.makangs.com/search_list.php?keyword=%EC%84%9C%EC%9A%B8,https://www.makangs.com/shop.php?code=2640,2640,감쪽뷰티,,서울특별시 동작구 보라매로 61-1,https://www.makangs.com/shop.php?code=2640,
www.makangs.com,2026-01-27T11:09:08+09:00,https://www.makangs.com/search_list.php?keyword=%EC%84%9C%EC%9A%B8,https://www.makangs.com/shop.php?code=2658,2658,백세풋앤바디,,서울특별시 구로구 디지털로32나길 34,https://www.makangs.com/shop.php?code=2658,
www.makangs.com,2026-01-27T11:09:08+09:00,https://www.makangs.com/search_list.php?keyword=%EC%84%9C%EC%9A%B8,https://www.makangs.com/shop.php?code=2670,2670,포레스트앤스파,,서울특별시 강남구 언주로130길 14 / 논현동 246-1 (1층 2호) / 학동역 도보 7분,https://www.makangs.com/shop.php?code=2670,
www.makangs.com,2026-01-27T11:09:08+09:00,https://www.makangs.com/search_list.php?keyword=%EC%84%9C%EC%9A%B8,https://www.makangs.com/shop.php?code=2671,2671,벨라테라피,,서울특별시 마포구 홍익로 25 / 서교동 356-1,https://www.makangs.com/shop.php?code=2671,
www.makangs.com,2026-01-27T11:09:08+09:00,https://www.makangs.com/search_list.php?keyword=%EC%84%9C%EC%9A%B8,https://www.makangs.com/shop.php?code=270,270,마쏘왁싱,,서울특별시 강남구 논현로 428 2층 / 역삼역 1번 출구 도보 4분,https://www.makangs.com/shop.php?code=270,
www.makangs.com,2026-01-27T11:09:08+09:00,https://www.makangs.com/search_list.php?keyword=%EC%84%9C%EC%9A%B8,https://www.makangs.com/shop.php?code=2733,2733,발리왁싱,,서울특별시 강동구 천호대로 1073,https://www.makangs.com/shop.php?code=2733,
www.makangs.com,2026-01-27T11:09:08+09:00,https://www.makangs.com/search_list.php?keyword=%EC%84%9C%EC%9A%B8,https://www.makangs.com/shop.php?code=2772,2772,베스파,,서울 종로구 삼일대로17길 51 / 관철동 180 / 종각역 4번 출구 도보 2분,https://www.makangs.com/shop.php?code=2772,
www.makangs.com,2026-01-27T11:09:08+09:00,https://www.makangs.com/search_list.php?keyword=%EC%84%9C%EC%9A%B8,https://www.makangs.com/shop.php?code=280,280,파스텔슈가링,,서울특별시 강남구 강남대로120길 36 / 신논현역 3번 출구 도보 8분,https://www.makangs.com/shop.php?code=280,
www.makangs.com,2026-01-27T11:09:08+09:00,https://www.makangs.com/search_list.php?keyword=%EC%84%9C%EC%9A%B8,https://www.makangs.com/shop.php?code=2820,2820,리엔케이,,서울특별시 서초구 서초대로 347 / 서초동 1688-1 서초크로바타워 5층,https://www.makangs.com/shop.php?code=2820,
www.makangs.com,2026-01-27T11:09:08+09:00,https://www.makangs.com/search_list.php?keyword=%EC%84%9C%EC%9A%B8,https://www.makangs.com/shop.php?code=286,286,뷰마인왁싱,,서울특별시 서초구 강남대로95길 9-18 402호 / 논현역 6번 출구 도보 4분,https://www.makangs.com/shop.php?code=286,
www.makangs.com,2026-01-27T11:09:08+09:00,https://www.makangs.com/search_list.php?keyword=%EC%84%9C%EC%9A%B8,https://www.makangs.com/shop.php?code=287,287,포시즌왁싱,,서울특별시 강남구 선릉로107길 7 202호,https://www.makangs.com/shop.php?code=287,
www.makangs.com,2026-01-27T11:09:08+09:00,https://www.makangs.com/search_list.php?keyword=%EC%84%9C%EC%9A%B8,https://www.makangs.com/shop.php?code=288,288,에스텔뷰티,,서울특별시 서초구 강남대로95길 19-10 2층 / 신사역 4번 출구 도보 5분,https://www.makangs.com/shop.php?code=288,
www.makangs.com,2026-01-27T11:09:08+09:00,https://www.makangs.com/search_list.php?keyword=%EC%84%9C%EC%9A%B8,https://www.makangs.com/shop.php?code=2998,2998,케이힐리테라피,,서울특별시 강남구 테헤란로10길 9 / 역삼동 823-42 그랑프리빌딩 2층,https://www.makangs.com/shop.php?code=2998,
www.makangs.com,2026-01-27T11:09:08+09:00,https://www.makangs.com/search_list.php?keyword=%EC%84%9C%EC%9A%B8,https://www.makangs.com/shop.php?code=304,304,올인원왁싱,,서울특별시 송파구 송파대로 388 (송파동 96-6) 창영빌딩 3층 / 송파역 1번 출구 도보 6분,https://www.makangs.com/shop.php?code=304,
www.makangs.com,2026-01-27T11:09:08+09:00,https://www.makangs.com/search_list.php?keyword=%EC%84%9C%EC%9A%B8,https://www.makangs.com/shop.php?code=3049,3049,콩콩이네,,서울특별시 강남구 선릉로86길 31 / 대치동 890-59 (롯데골드로즈2차) / 선릉역 1번 출구 도보 4분,https://www.makangs.com/shop.php?code=3049,
www.makangs.com,2026-01-27T11:09:08+09:00,https://www.makangs.com/search_list.php?keyword=%EC%84%9C%EC%9A%B8,https://www.makangs.com/shop.php?code=3164,3164,아르떼테라피,,서울특별시 관악구 관악로16길 26 / 봉천동 1602-1 / 서울대입구역 1번 출구 도보 2분 거리,https://www.makangs.com/shop.php?code=3164,
www.makangs.com,2026-01-27T11:09:08+09:00,https://www.makangs.com/search_list.php?keyword=%EC%84%9C%EC%9A%B8,https://www.makangs.com/shop.php?code=317,317,헤라에스떼왁싱,,서울특별시 양천구 목동중앙남로3길 59 (목동 781-1) 2층 / 목동역 3번 출구 도보 16분,https://www.makangs.com/shop.php?code=317,
www.makangs.com,2026-01-27T11:09:08+09:00,https://www.makangs.com/search_list.php?keyword=%EC%84%9C%EC%9A%B8,https://www.makangs.com/shop.php?code=3181,3181,휴타임,,서울특별시 강북구 한천로 1042 / 수유동 177-49 3층,https://www.makangs.com/shop.php?code=3181,
www.makangs.com,2026-01-27T11:09:08+09:00,https://www.makangs.com/search_list.php?keyword=%EC%84%9C%EC%9A%B8,https://www.makangs.com/shop.php?code=3214,3214,이구타이,,서울 중랑구 망우로 428 / 망우동 486-3,https://www.makangs.com/shop.php?code=3214,
www.makangs.com,2026-01-27T11:09:08+09:00,https://www.makangs.com/search_list.php?keyword=%EC%84%9C%EC%9A%B8,https://www.makangs.com/shop.php?code=3251,3251,로터스스파,,서울 강북구 솔샘로48길 3-8,https://www.makangs.com/shop.php?code=3251,
www.makangs.com,2026-01-27T11:09:08+09:00,https://www.makangs.com/search_list.php?keyword=%EC%84%9C%EC%9A%B8,https://www.makangs.com/shop.php?code=3279,3279,천혜마사지,,서울특별시 동작구 상도로 73,https://www.makangs.com/shop.php?code=3279,
www.makangs.com,2026-01-27T11:09:08+09:00,https://www.makangs.com/search_list.php?keyword=%EC%84%9C%EC%9A%B8,https://www.makangs.com/shop.php?code=3299,3299,티파니스웨디시,,서울특별시 구로구 구로동,https://www.makangs.com/shop.php?code=3299,
www.makangs.com,2026-01-27T11:09:08+09:00,https://www.makangs.com/search_list.php?keyword=%EC%84%9C%EC%9A%B8,https://www.makangs.com/shop.php?code=3339,3339,북경황제,,서울 동대문구 사가정로 229 / 장안동 285-1,https://www.makangs.com/shop.php?code=3339,
www.makangs.com,2026-01-27T11:09:08+09:00,https://www.makangs.com/search_list.php?keyword=%EC%84%9C%EC%9A%B8,https://www.makangs.com/shop.php?code=3385,3385,약손건강마사지,,"서울특별시 양천구 오목로 335 / 목동 406-22, 3층",https://www.makangs.com/shop.php?code=3385,
www.makangs.com,2026-01-27T11:09:08+09:00,https://www.makangs.com/search_list.php?keyword=%EC%84%9C%EC%9A%B8,https://www.makangs.com/shop.php?code=347,347,뷰티쁨왁싱,,서울특별시 영등포구 신풍로 18-1 (신길동 428-11) / 신풍역 3번 출구 도보 1분,https://www.makangs.com/shop.php?code=347,
www.makangs.com,2026-01-27T11:09:08+09:00,https://www.makangs.com/search_list.php?keyword=%EC%84%9C%EC%9A%B8,https://www.makangs.com/shop.php?code=348,348,유니크뷰티,,서울특별시 영등포구 시흥대로 589-8 (대림동 1122) 신대림자이 / 구로디지털단지역 5번 출구 도보 2분,https://www.makangs.com/shop.php?code=348,
www.makangs.com,2026-01-27T11:09:08+09:00,https://www.makangs.com/search_list.php?keyword=%EC%84%9C%EC%9A%B8,https://www.makangs.com/shop.php?code=3527,3527,VIP스웨디시&왁싱,,서울특별시 강남구 일원로 47 / 일원동 684-6,https://www.makangs.com/shop.php?code=3527,
www.makangs.com,2026-01-27T11:09:08+09:00,https://www.makangs.com/search_list.php?keyword=%EC%84%9C%EC%9A%B8,https://www.makangs.com/shop.php?code=357,357,꿀단지왁싱,,서울특별시 은평구 갈현로 154 (구산동 11-1) 1층 / 구산역 3번 출구 도보 10분,https://www.makangs.com/shop.php?code=357,
www.makangs.com,2026-01-27T11:09:08+09:00,https://www.makangs.com/search_list.php?keyword=%EC%84%9C%EC%9A%B8,https://www.makangs.com/shop.php?code=3593,3593,건강망고타이,,서울특별시 구로구 경인로 163 / 오류동 81-9 정환빌딩 2층,https://www.makangs.com/shop.php?code=3593,
www.makangs.com,2026-01-27T11:09:08+09:00,https://www.makangs.com/search_list.php?keyword=%EC%84%9C%EC%9A%B8,https://www.makangs.com/shop.php?code=3605,3605,유미스웨디시,,서울특별시 강북구 도봉로8길 37 / 미아동 860-29 (3층) / 미아사거리역 2번 출구 3분,https://www.makangs.com/shop.php?code=3605,
www.makangs.com,2026-01-27T11:09:08+09:00,https://www.makangs.com/search_list.php?keyword=%EC%84%9C%EC%9A%B8,https://www.makangs.com/shop.php?code=3610,3610,왕부풋샵,,서울특별시 강서구 공항대로46길 21 / 화곡동 1113-10 오빌빌딩 4층,https://www.makangs.com/shop.php?code=3610,
www.makangs.com,2026-01-27T11:09:08+09:00,https://www.makangs.com/search_list.php?keyword=%EC%84%9C%EC%9A%B8,https://www.makangs.com/shop.php?code=3618,3618,브로남자왁싱,,서울특별시 성북구 동소문로22길 57-12 / 동선동2가 124 지하 1층,https://www.makangs.com/shop.php?code=3618,
www.makangs.com,2026-01-27T11:09:08+09:00,https://www.makangs.com/search_list.php?keyword=%EC%84%9C%EC%9A%B8,https://www.makangs.com/shop.php?code=3675,3675,오투타이,,서울 서초구 서초대로75길 34 / 서초동 1308-14 5층,https://www.makangs.com/shop.php?code=3675,
www.makangs.com,2026-01-27T11:09:08+09:00,https://www.makangs.com/search_list.php?keyword=%EC%84%9C%EC%9A%B8,https://www.makangs.com/shop.php?code=3692,3692,VIP스웨디시,,서울특별시 관악구 관천로 43 / 신림동 1587-10 / 신림역 4번 출구 도보 4분,https://www.makangs.com/shop.php?code=3692,
www.makangs.com,2026-01-27T11:09:08+09:00,https://www.makangs.com/search_list.php?keyword=%EC%84%9C%EC%9A%B8,https://www.makangs.com/shop.php?code=3697,3697,백세약손,,서울특별시 관악구 남부순환로224길 13 / 봉천동 854-2 마이홈리빙텔 3층,https://www.makangs.com/shop.php?code=3697,
www.makangs.com,2026-01-27T11:09:08+09:00,https://www.makangs.com/search_list.php?keyword=%EC%84%9C%EC%9A%B8,https://www.makangs.com/shop.php?code=3738,3738,킹바디케어,,서울특별시 영등포구 영등포로46길 7 / 영등포동3가 25 3층,https://www.makangs.com/shop.php?code=3738,
www.makangs.com,2026-01-27T11:09:08+09:00,https://www.makangs.com/search_list.php?keyword=%EC%84%9C%EC%9A%B8,https://www.makangs.com/shop.php?code=3757,3757,쿤타이,,서울특별시 강서구 강서로 21 / 화곡동 898-16 3층,https://www.makangs.com/shop.php?code=3757,
www.makangs.com,2026-01-27T11:09:08+09:00,https://www.makangs.com/search_list.php?keyword=%EC%84%9C%EC%9A%B8,https://www.makangs.com/shop.php?code=376,376,탠블리,,서울특별시 강북구 도봉로10라길 20-13 (미아동 75-296) 1층 / 미아사거리역 1번 출구 도보 3분,https://www.makangs.com/shop.php?code=376,
www.makangs.com,2026-01-27T11:09:08+09:00,https://www.makangs.com/search_list.php?keyword=%EC%84%9C%EC%9A%B8,https://www.makangs.com/shop.php?code=3805,3805,이아왁싱샵,,서울 서초구 효령로 303 10동 302호/ 남부터미널역 2번출구 본죽 안쪽 출입구 이용 후 3층으로 올라오세요.,https://www.makangs.com/shop.php?code=3805,
www.makangs.com,2026-01-27T11:09:08+09:00,https://www.makangs.com/search_list.php?keyword=%EC%84%9C%EC%9A%B8,https://www.makangs.com/shop.php?code=381,381,아나퍼왁싱,,서울특별시 강서구 가양동 1479-8 201호 / 가양역 1번 출구 도보 3분,https://www.makangs.com/shop.php?code=381,
www.makangs.com,2026-01-27T11:09:08+09:00,https://www.makangs.com/search_list.php?keyword=%EC%84%9C%EC%9A%B8,https://www.makangs.com/shop.php?code=3810,3810,이너스킨,,서울 노원구 노해로85길 1 열방포도원빌딩 5층 502호/ 노원역 1번출구에서 도보 5분거리 문화의거리 위치,https://www.makangs.com/shop.php?code=3810,
www.makangs.com,2026-01-27T11:09:08+09:00,https://www.makangs.com/search_list.php?keyword=%EC%84%9C%EC%9A%B8,https://www.makangs.com/shop.php?code=3861,3861,테라피하라,,서울특별시 마포구 도화동 251-1 근신빌딩 별관 1층,https://www.makangs.com/shop.php?code=3861,
www.makangs.com,2026-01-27T11:09:08+09:00,https://www.makangs.com/search_list.php?keyword=%EC%84%9C%EC%9A%B8,https://www.makangs.com/shop.php?code=3862,3862,준테라피,,충청남도 천안시 서북구 불당33길 15 / 불당동 1623 (401호) / 천안시청 인근,https://www.makangs.com/shop.php?code=3862,
www.makangs.com,2026-01-27T11:09:08+09:00,https://www.makangs.com/search_list.php?keyword=%EC%84%9C%EC%9A%B8,https://www.makangs.com/shop.php?code=3884,3884,이루다살롱,,서울 강남구 역삼동 623-22 / 신논현역 4번 출구 도보 7분거리,https://www.makangs.com/shop.php?code=3884,
www.makangs.com,2026-01-27T11:09:08+09:00,https://www.makangs.com/search_list.php?keyword=%EC%84%9C%EC%9A%B8,https://www.makangs.com/shop.php?code=3898,3898,약손바디,,서울특별시 송파구 삼학사로 63 / 삼전동 133-12 태클베리 4층,https://www.makangs.com/shop.php?code=3898,
www.makangs.com,2026-01-27T11:09:08+09:00,https://www.makangs.com/search_list.php?keyword=%EC%84%9C%EC%9A%B8,https://www.makangs.com/shop.php?code=3954,3954,블랙로즈,,서울특별시 강남구 강남대로152길 22 / 신사동 514-22 (지하 1층) / 신사역 8번 출구 도보 2분,https://www.makangs.com/shop.php?code=3954,
www.makangs.com,2026-01-27T11:09:08+09:00,https://www.makangs.com/search_list.php?keyword=%EC%84%9C%EC%9A%B8,https://www.makangs.com/shop.php?code=396,396,홀리뷰티,,서울특별시 강서구 공항대로 269-15 (마곡동 797-14) 힐스테이트에코마곡 3층 / 발산역 1번 출구 도보 1분,https://www.makangs.com/shop.php?code=396,
www.makangs.com,2026-01-27T11:09:08+09:00,https://www.makangs.com/search_list.php?keyword=%EC%84%9C%EC%9A%B8,https://www.makangs.com/shop.php?code=3964,3964,인스타테라피,,서울특별시 강남구 강남대로112길 34 / 논현동 202-5 영화빌딩 6층,https://www.makangs.com/shop.php?code=3964,
www.makangs.com,2026-01-27T11:09:08+09:00,https://www.makangs.com/search_list.php?keyword=%EC%84%9C%EC%9A%B8,https://www.makangs.com/shop.php?code=3979,3979,설아살롱,,서울특별시 강남구 테헤란로 13길 65 / 역삼동 623-22,https://www.makangs.com/shop.php?code=3979,
www.makangs.com,2026-01-27T11:09:08+09:00,https://www.makangs.com/search_list.php?keyword=%EC%84%9C%EC%9A%B8,https://www.makangs.com/shop.php?code=4000,4000,더킹스웨디시,,서울 강동구 천호대로177길 34 / 길동 413-50 미림빌딩 3층,https://www.makangs.com/shop.php?code=4000,
www.makangs.com,2026-01-27T11:09:08+09:00,https://www.makangs.com/search_list.php?keyword=%EC%84%9C%EC%9A%B8,https://www.makangs.com/shop.php?code=4007,4007,에스테라피&에스스웨디시,,서울특별시 용산구 한강대로102길 3 / 동자동 42-9 2층,https://www.makangs.com/shop.php?code=4007,
www.makangs.com,2026-01-27T11:09:08+09:00,https://www.makangs.com/search_list.php?keyword=%EC%84%9C%EC%9A%B8,https://www.makangs.com/shop.php?code=403,403,왁싱하우스,,서울특별시 강서구 마곡동로4길 23 (마곡동 797-12) 루체브릿지 3층 / 발산역 9번 출구 도보 3분,https://www.makangs.com/shop.php?code=403,
www.makangs.com,2026-01-27T11:09:08+09:00,https://www.makangs.com/search_list.php?keyword=%EC%84%9C%EC%9A%B8,https://www.makangs.com/shop.php?code=4043,4043,홍대A세신마사지,,서울특별시 마포구 동교로 220-7 / 동교동 152-11 / 홍대입구역 3번 출구 도보 3분,https://www.makangs.com/shop.php?code=4043,
www.makangs.com,2026-01-27T11:09:08+09:00,https://www.makangs.com/search_list.php?keyword=%EC%84%9C%EC%9A%B8,https://www.makangs.com/shop.php?code=4094,4094,보희살롱,,서울특별시 강남구 테헤란로13길 65 / 역삼동 623-22 301호,https://www.makangs.com/shop.php?code=4094,
www.makangs.com,2026-01-27T11:09:08+09:00,https://www.makangs.com/search_list.php?keyword=%EC%84%9C%EC%9A%B8,https://www.makangs.com/shop.php?code=4171,4171,리치테라피,,서울특별시 구로구 도림천로 448 / 구로동 187-3 / 구로디지털단지역 3번 출구 도보 2분,https://www.makangs.com/shop.php?code=4171,
www.makangs.com,2026-01-27T11:09:08+09:00,https://www.makangs.com/search_list.php?keyword=%EC%84%9C%EC%9A%B8,https://www.makangs.com/shop.php?code=4237,4237,더봄),,서울특별시 영등포구 국회대로 / 여의도동 (국회의사당역 4번 출구 인근),https://www.makangs.com/shop.php?code=4237,
www.makangs.com,2026-01-27T11:09:08+09:00,https://www.makangs.com/search_list.php?keyword=%EC%84%9C%EC%9A%B8,https://www.makangs.com/shop.php?code=4282,4282,VIP바디케어,,서울 영등포구 영중로10길 16 / 영등포동3가 16 4층,https://www.makangs.com/shop.php?code=4282,
www.makangs.com,2026-01-27T11:09:08+09:00,https://www.makangs.com/search_list.php?keyword=%EC%84%9C%EC%9A%B8,https://www.makangs.com/shop.php?code=4335,4335,야놀자스웨디시,,서울특별시 관악구 신림동 (상세주소 문의) / 신림역 3번 출구 도보 3분,https://www.makangs.com/shop.php?code=4335,
www.makangs.com,2026-01-27T11:09:08+09:00,https://www.makangs.com/search_list.php?keyword=%EC%84%9C%EC%9A%B8,https://www.makangs.com/shop.php?code=4353,4353,도희샵,,서울특별시 송파구 방이동 (올림픽로) / 몽촌토성역 3번 출구 도보 3분,https://www.makangs.com/shop.php?code=4353,
www.makangs.com,2026-01-27T11:09:08+09:00,https://www.makangs.com/search_list.php?keyword=%EC%84%9C%EC%9A%B8,https://www.makangs.com/shop.php?code=441,441,아트인아이브로우바,,서울특별시 강서구 마곡중앙로 171 (마곡동 757-2) 마곡나루역프라이빗타워Ⅱ 305호 / 마곡나루역 2번 출구 도보 4분,https://www.makangs.com/shop.php?code=441,
www.makangs.com,2026-01-27T11:09:08+09:00,https://www.makangs.com/search_list.php?keyword=%EC%84%9C%EC%9A%B8,https://www.makangs.com/shop.php?code=4418,4418,세신샵수련,,서울특별시 중구 다산로36길 11 / 신당동 291-48 2층 / 신당역 인근,https://www.makangs.com/shop.php?code=4418,
www.makangs.com,2026-01-27T11:09:08+09:00,https://www.makangs.com/search_list.php?keyword=%EC%84%9C%EC%9A%B8,https://www.makangs.com/shop.php?code=447,447,블랙여우왁싱,,서울특별시 관악구 남부순환로 1794 (봉천동 875-7) 미주오피스텔 지하 1층 / 서울대입구역 4번 출구 도보 4분,https://www.makangs.com/shop.php?code=447,
www.makangs.com,2026-01-27T11:09:08+09:00,https://www.makangs.com/search_list.php?keyword=%EC%84%9C%EC%9A%B8,https://www.makangs.com/shop.php?code=4553,4553,로단테테라피,,서울특별시 강서구 마곡동 (상세 주소 문의),https://www.makangs.com/shop.php?code=4553,
www.makangs.com,2026-01-27T11:09:08+09:00,https://www.makangs.com/search_list.php?keyword=%EC%84%9C%EC%9A%B8,https://www.makangs.com/shop.php?code=4558,4558,디자인스웨디시,,서울특별시 영등포구 영중로18길 15-1 / 영등포동5가 43-5 / 영등포시장역 인근,https://www.makangs.com/shop.php?code=4558,
www.makangs.com,2026-01-27T11:09:08+09:00,https://www.makangs.com/search_list.php?keyword=%EC%84%9C%EC%9A%B8,https://www.makangs.com/shop.php?code=4562,4562,러시아스웨디시,,서울특별시 관악구 신림동 (상세주소 문의) / 신림역 8번 출구 도보 1분,https://www.makangs.com/shop.php?code=4562,
www.makangs.com,2026-01-27T11:09:08+09:00,https://www.makangs.com/search_list.php?keyword=%EC%84%9C%EC%9A%B8,https://www.makangs.com/shop.php?code=4563,4563,러시안스웨디시,,서울특별시 서초구 서초동 (상세주소 문의) / 양재역 5분 거리,https://www.makangs.com/shop.php?code=4563,
www.makangs.com,2026-01-27T11:09:08+09:00,https://www.makangs.com/search_list.php?keyword=%EC%84%9C%EC%9A%B8,https://www.makangs.com/shop.php?code=4586,4586,트렌드테라피,,서울특별시 금천구 가산로 33 / 독산동 200-10,https://www.makangs.com/shop.php?code=4586,
www.makangs.com,2026-01-27T11:09:08+09:00,https://www.makangs.com/search_list.php?keyword=%EC%84%9C%EC%9A%B8,https://www.makangs.com/shop.php?code=4596,4596,듀원스웨디시,,서울특별시 강남구 역삼동 / 역삼역 3번 출구 2분 거리 / 강남역 1번 출구 4분 거리,https://www.makangs.com/shop.php?code=4596,
www.makangs.com,2026-01-27T11:09:08+09:00,https://www.makangs.com/search_list.php?keyword=%EC%84%9C%EC%9A%B8,https://www.makangs.com/shop.php?code=4608,4608,스파엔,,서울특별시 강남구 봉은사로30길 73 / 역삼동 669-9 / 역삼역 7번 출구 도보 3분 거리,https://www.makangs.com/shop.php?code=4608,
www.makangs.com,2026-01-27T11:09:08+09:00,https://www.makangs.com/search_list.php?keyword=%EC%84%9C%EC%9A%B8,https://www.makangs.com/shop.php?code=4638,4638,VVIP데일리,,서울특별시 강남구 논현동 (상세주소 문의) / 언주역 4번 출구 도보 5분,https://www.makangs.com/shop.php?code=4638,
www.makangs.com,2026-01-27T11:09:08+09:00,https://www.makangs.com/search_list.php?keyword=%EC%84%9C%EC%9A%B8,https://www.makangs.com/shop.php?code=469,469,보드레스킨,,경기도 시흥시 서울대학로278번길 19-14 5층,https://www.makangs.com/shop.php?code=469,
www.makangs.com,2026-01-27T11:09:08+09:00,https://www.makangs.com/search_list.php?keyword=%EC%84%9C%EC%9A%B8,https://www.makangs.com/shop.php?code=470,470,거꾸로가는시간,,경기도 시흥시 서울대학로278번길 21 609호 / 배곧동 193-3,https://www.makangs.com/shop.php?code=470,
www.makangs.com,2026-01-27T11:09:08+09:00,https://www.makangs.com/search_list.php?keyword=%EC%84%9C%EC%9A%B8,https://www.makangs.com/shop.php?code=4719,4719,스파온,,서울특별시 서초구 방배로26길 6 / 방배동 875-23 / 내방역 7번 출구 도보 2분,https://www.makangs.com/shop.php?code=4719,
www.makangs.com,2026-01-27T11:09:08+09:00,https://www.makangs.com/search_list.php?keyword=%EC%84%9C%EC%9A%B8,https://www.makangs.com/shop.php?code=4773,4773,연타이앤테라피,,서울특별시 금천구 금하로 632 / 시흥동 883-3 3층 / 시흥사거리역 인근,https://www.makangs.com/shop.php?code=4773,
www.makangs.com,2026-01-27T11:09:08+09:00,https://www.makangs.com/search_list.php?keyword=%EC%84%9C%EC%9A%B8,https://www.makangs.com/shop.php?code=481,481,미쁘다왁싱,,서울특별시 노원구 중계로14길 29 (중계동 84-36) 2층 / 노원역 2번 출구 도보 29분,https://www.makangs.com/shop.php?code=481,
www.makangs.com,2026-01-27T11:09:08+09:00,https://www.makangs.com/search_list.php?keyword=%EC%84%9C%EC%9A%B8,https://www.makangs.com/shop.php?code=4872,4872,모카스파,,서울특별시 송파구 방이동 (상세주소 문의) / 몽촌토성역 3번 출구 5분 거리,https://www.makangs.com/shop.php?code=4872,
www.makangs.com,2026-01-27T11:09:08+09:00,https://www.makangs.com/search_list.php?keyword=%EC%84%9C%EC%9A%B8,https://www.makangs.com/shop.php?code=488,488,정윤희왁싱,,서울특별시 노원구 동일로218길 17 (상계동 726-1) 일신상가 3층 / 노원역 5번 출구 도보 2분,https://www.makangs.com/shop.php?code=488,
www.makangs.com,2026-01-27T11:09:08+09:00,https://www.makangs.com/search_list.php?keyword=%EC%84%9C%EC%9A%B8,https://www.makangs.com/shop.php?code=4907,4907,듀앤엘,,서울특별시 강남구 영동대로 215 / 대치동 994-10 / 학여울역 1번 출구 도보 8분,https://www.makangs.com/shop.php?code=4907,
www.makangs.com,2026-01-27T11:09:08+09:00,https://www.makangs.com/search_list.php?keyword=%EC%84%9C%EC%9A%B8,https://www.makangs.com/shop.php?code=491,491,얼짱몸짱왁싱,,서울특별시 노원구 상계로 64 (상계동 617) 화랑빌딩 5층 / 노원역 2번 출구 도보 1분,https://www.makangs.com/shop.php?code=491,
www.makangs.com,2026-01-27T11:09:08+09:00,https://www.makangs.com/search_list.php?keyword=%EC%84%9C%EC%9A%B8,https://www.makangs.com/shop.php?code=4919,4919,히든스웨디시,,서울특별시 강서구 마곡동 (상세주소 문의) / 발산역 도보 2분,https://www.makangs.com/shop.php?code=4919,
www.makangs.com,2026-01-27T11:09:08+09:00,https://www.makangs.com/search_list.php?keyword=%EC%84%9C%EC%9A%B8,https://www.makangs.com/shop.php?code=4922,4922,유아,,서울특별시 강남구 대치동 (상세주소 문의) / 선릉역 1번 출구 도보 3분,https://www.makangs.com/shop.php?code=4922,
www.makangs.com,2026-01-27T11:09:08+09:00,https://www.makangs.com/search_list.php?keyword=%EC%84%9C%EC%9A%B8,https://www.makangs.com/shop.php?code=4976,4976,20대사이즈스웨디시,,서울특별시 영등포구 신길로 287 / 영등포동1가 121-5 / 영등포역 5번 출구 도보 7분,https://www.makangs.com/shop.php?code=4976,
www.makangs.com,2026-01-27T11:09:08+09:00,https://www.makangs.com/search_list.php?keyword=%EC%84%9C%EC%9A%B8,https://www.makangs.com/shop.php?code=4988,4988,시에스타,,서울특별시 강남구 강남대로160길 10 / 신사동 508-1 / 신사역 8번 출구 3분 거리,https://www.makangs.com/shop.php?code=4988,
www.makangs.com,2026-01-27T11:09:08+09:00,https://www.makangs.com/search_list.php?keyword=%EC%84%9C%EC%9A%B8,https://www.makangs.com/shop.php?code=5021,5021,수테라피,,"충청남도 아산시 배방읍 북수로121 / 북수리 1455, 엔젤시티빌팅 2층 203호",https://www.makangs.com/shop.php?code=5021,
www.makangs.com,2026-01-27T11:09:08+09:00,https://www.makangs.com/search_list.php?keyword=%EC%84%9C%EC%9A%B8,https://www.makangs.com/shop.php?code=5029,5029,우유범벅,,서울특별시 강남구 역삼동 (상세 주소 문의) / 강남역 인근,https://www.makangs.com/shop.php?code=5029,
www.makangs.com,2026-01-27T11:09:08+09:00,https://www.makangs.com/search_list.php?keyword=%EC%84%9C%EC%9A%B8,https://www.makangs.com/shop.php?code=5030,5030,도쿄센슈얼,,서울특별시 강남구 역삼동 (상세주소 문의) / 강남역 인근,https://www.makangs.com/shop.php?code=5030,
www.makangs.com,2026-01-27T11:09:08+09:00,https://www.makangs.com/search_list.php?keyword=%EC%84%9C%EC%9A%B8,https://www.makangs.com/shop.php?code=5031,5031,탑테라피,,"경기도 시흥시 서울대학로278번길 19-8 / 배곧동 193-2, 새롬프라자1차 6층 / 오이도역 인근",https://www.makangs.com/shop.php?code=5031,
www.makangs.com,2026-01-27T11:09:08+09:00,https://www.makangs.com/search_list.php?keyword=%EC%84%9C%EC%9A%B8,https://www.makangs.com/shop.php?code=5064,5064,버블,,서울특별시 강서구 강서로 391 / 마곡동 794 / 발산역 2번 출구 도보 3분,https://www.makangs.com/shop.php?code=5064,
www.makangs.com,2026-01-27T11:09:08+09:00,https://www.makangs.com/search_list.php?keyword=%EC%84%9C%EC%9A%B8,https://www.makangs.com/shop.php?code=5108,5108,꿀테라피,,서울특별시 서초구 신반포로 329 / 잠원동 40-9 (세기빌딩 302호) / 논현역 7번 출구 도보 1분,https://www.makangs.com/shop.php?code=5108,
www.makangs.com,2026-01-27T11:09:08+09:00,https://www.makangs.com/search_list.php?keyword=%EC%84%9C%EC%9A%B8,https://www.makangs.com/shop.php?code=5125,5125,길음굿마사지,,서울특별시 성북구 동소문로 289 / 길음2동 518-8 / 길음역 도보 3분,https://www.makangs.com/shop.php?code=5125,
www.makangs.com,2026-01-27T11:09:08+09:00,https://www.makangs.com/search_list.php?keyword=%EC%84%9C%EC%9A%B8,https://www.makangs.com/shop.php?code=5146,5146,로얄스파,,서울특별시 강동구 양재대로 1461 / 길동 412-10 / 길동역 1번 출구 도보 3분,https://www.makangs.com/shop.php?code=5146,
www.makangs.com,2026-01-27T11:09:08+09:00,https://www.makangs.com/search_list.php?keyword=%EC%84%9C%EC%9A%B8,https://www.makangs.com/shop.php?code=5147,5147,정원,,서울특별시 서초구 서초동 (상세주소 문의) / 강남역 5번 출구 도보 5분,https://www.makangs.com/shop.php?code=5147,
www.makangs.com,2026-01-27T11:09:08+09:00,https://www.makangs.com/search_list.php?keyword=%EC%84%9C%EC%9A%B8,https://www.makangs.com/shop.php?code=5158,5158,헬로스파,,"서울특별시 노원구 상계로 32 / 상계동706-2 / 노원역 7,8번 출구 도보 5분",https://www.makangs.com/shop.php?code=5158,
www.makangs.com,2026-01-27T11:09:08+09:00,https://www.makangs.com/search_list.php?keyword=%EC%84%9C%EC%9A%B8,https://www.makangs.com/shop.php?code=5165,5165,에뜨와,,서울특별시 송파구 마천로 28 / 방이동 213-3 / 방이역 3번 출구 도보 5분,https://www.makangs.com/shop.php?code=5165,
www.makangs.com,2026-01-27T11:09:08+09:00,https://www.makangs.com/search_list.php?keyword=%EC%84%9C%EC%9A%B8,https://www.makangs.com/shop.php?code=5166,5166,로엔테라피,,서울특별시 강남구 역삼동 (상세주소 문의) / 강남역 11번 출구 도보 2분,https://www.makangs.com/shop.php?code=5166,
www.makangs.com,2026-01-27T11:09:08+09:00,https://www.makangs.com/search_list.php?keyword=%EC%84%9C%EC%9A%B8,https://www.makangs.com/shop.php?code=5176,5176,다이아테라피,,서울특별시 강남구 선릉로152길 25 / 청담동 89-8 / 압구정로데오역 4번 출구 인근,https://www.makangs.com/shop.php?code=5176,
www.makangs.com,2026-01-27T11:09:08+09:00,https://www.makangs.com/search_list.php?keyword=%EC%84%9C%EC%9A%B8,https://www.makangs.com/shop.php?code=5182,5182,골드아로마테라피,,"경기도 시흥시 서울대학로264번길 26-32 / 배곧동 230, 중앙프라자 5층 / 배곧신도시 중심상가 인근",https://www.makangs.com/shop.php?code=5182,
www.makangs.com,2026-01-27T11:09:08+09:00,https://www.makangs.com/search_list.php?keyword=%EC%84%9C%EC%9A%B8,https://www.makangs.com/shop.php?code=5185,5185,썸,,서울특별시 노원구 상계동 (상세주소 문의) / 노원역 6번 출구 도보 3분,https://www.makangs.com/shop.php?code=5185,
www.makangs.com,2026-01-27T11:09:08+09:00,https://www.makangs.com/search_list.php?keyword=%EC%84%9C%EC%9A%B8,https://www.makangs.com/shop.php?code=5225,5225,청담테라피,,"서울특별시 동대문구 무학로36길 56 / 용두동 102-172, 홈-스타 2층 / 제기동역 5번 출구 도보 1분",https://www.makangs.com/shop.php?code=5225,
www.makangs.com,2026-01-27T11:09:08+09:00,https://www.makangs.com/search_list.php?keyword=%EC%84%9C%EC%9A%B8,https://www.makangs.com/shop.php?code=5226,5226,버블버블스웨디시,,서울특별시 강남구 테헤란로 131 / 역삼동 647-9 / 역삼역 4번출구 3분거리,https://www.makangs.com/shop.php?code=5226,
www.makangs.com,2026-01-27T11:09:08+09:00,https://www.makangs.com/search_list.php?keyword=%EC%84%9C%EC%9A%B8,https://www.makangs.com/shop.php?code=5253,5253,퍼플스웨디시,,"서울특별시 구로구 디지털로 306 / 구로동 182-13, 대륭포스타타워 2차 407호 / 구로디지털단지역 3번 출구 도보 5분",https://www.makangs.com/shop.php?code=5253,
www.makangs.com,2026-01-27T11:09:08+09:00,https://www.makangs.com/search_list.php?keyword=%EC%84%9C%EC%9A%B8,https://www.makangs.com/shop.php?code=5255,5255,휴7테라피,,서울특별시 마포구 월드컵로3길 27 / 합정동 387-1 / 합정역 8번 출구 도보 5분,https://www.makangs.com/shop.php?code=5255,
www.makangs.com,2026-01-27T11:09:08+09:00,https://www.makangs.com/search_list.php?keyword=%EC%84%9C%EC%9A%B8,https://www.makangs.com/shop.php?code=5256,5256,루루,,서울특별시 강서구 내발산동 (상세주소 문의) / 발산역 인근,https://www.makangs.com/shop.php?code=5256,
www.makangs.com,2026-01-27T11:09:08+09:00,https://www.makangs.com/search_list.php?keyword=%EC%84%9C%EC%9A%B8,https://www.makangs.com/shop.php?code=5287,5287,설레임스파,,서울특별시 광진구 구의동 (상세주소 문의) / 구의역 4번 출구 도보 1분,https://www.makangs.com/shop.php?code=5287,
www.makangs.com,2026-01-27T11:09:08+09:00,https://www.makangs.com/search_list.php?keyword=%EC%84%9C%EC%9A%B8,https://www.makangs.com/shop.php?code=5298,5298,마마스파,,서울특별시 강남구 논현로157길 8 / 신사동 566-35 / 압구정역 4번 출구 도보 5분,https://www.makangs.com/shop.php?code=5298,
www.makangs.com,2026-01-27T11:09:08+09:00,https://www.makangs.com/search_list.php?keyword=%EC%84%9C%EC%9A%B8,https://www.makangs.com/shop.php?code=5300,5300,페라리스웨디시&아로마,,"서울특별시 광진구 아차산로78길 162 / 광장동 184-2, 제원빌딩 지하 1층 / 광나루역 2번 출구 도보 10분",https://www.makangs.com/shop.php?code=5300,
www.makangs.com,2026-01-27T11:09:08+09:00,https://www.makangs.com/search_list.php?keyword=%EC%84%9C%EC%9A%B8,https://www.makangs.com/shop.php?code=5323,5323,왁싱앤유,,"서울특별시 노원구 노해로 509 / 상계동 323-13, 대국빌딩 3층 / 노원역 1번 출구 도보 1분",https://www.makangs.com/shop.php?code=5323,
www.makangs.com,2026-01-27T11:09:08+09:00,https://www.makangs.com/search_list.php?keyword=%EC%84%9C%EC%9A%B8,https://www.makangs.com/shop.php?code=5366,5366,탑시크릿,,서울특별시 강남구 선릉로86길 48 / 대치동 896-52 / 선릉역 1번 출구 도보 3분,https://www.makangs.com/shop.php?code=5366,
www.makangs.com,2026-01-27T11:09:08+09:00,https://www.makangs.com/search_list.php?keyword=%EC%84%9C%EC%9A%B8,https://www.makangs.com/shop.php?code=5375,5375,가윤마사지,,서울특별시 강서구 마곡중앙6로 66 / 마곡동 797-7 (퀸드파크텐 501호) / 발산역 9번 출구 도보 4분,https://www.makangs.com/shop.php?code=5375,
www.makangs.com,2026-01-27T11:09:08+09:00,https://www.makangs.com/search_list.php?keyword=%EC%84%9C%EC%9A%B8,https://www.makangs.com/shop.php?code=5383,5383,베스트스웨디시,,서울특별시 마포구 토정로 276 / 용강동 116-1 / 마포역 1번 출구 도보 3분,https://www.makangs.com/shop.php?code=5383,
www.makangs.com,2026-01-27T11:09:08+09:00,https://www.makangs.com/search_list.php?keyword=%EC%84%9C%EC%9A%B8,https://www.makangs.com/shop.php?code=5387,5387,써니스웨디시,,서울특별시 마포구 와우산로18길 12 / 서교동 360-21 / 홍대 클럽거리 인근,https://www.makangs.com/shop.php?code=5387,
www.makangs.com,2026-01-27T11:09:08+09:00,https://www.makangs.com/search_list.php?keyword=%EC%84%9C%EC%9A%B8,https://www.makangs.com/shop.php?code=5403,5403,썸스웨디시,,서울특별시 강남구 강남대로62길 13 / 역삼동 837-22 / 뱅뱅사거리 인근,https://www.makangs.com/shop.php?code=5403,
www.makangs.com,2026-01-27T11:09:08+09:00,https://www.makangs.com/search_list.php?keyword=%EC%84%9C%EC%9A%B8,https://www.makangs.com/shop.php?code=5413,5413,인스타스파,,서울특별시 송파구 백제고분로7길 28-17 / 잠실동 189-4 (2층) / 잠실새내역 4번 출구 5분 거리,https://www.makangs.com/shop.php?code=5413,
www.makangs.com,2026-01-27T11:09:08+09:00,https://www.makangs.com/search_list.php?keyword=%EC%84%9C%EC%9A%B8,https://www.makangs.com/shop.php?code=5426,5426,상큼스웨디시,,경기도 시흥시 서울대학로264번길 50 / 배곧동 233 / 배곧 롯데마트 도보 5분,https://www.makangs.com/shop.php?code=5426,
www.makangs.com,2026-01-27T11:09:08+09:00,https://www.makangs.com/search_list.php?keyword=%EC%84%9C%EC%9A%B8,https://www.makangs.com/shop.php?code=5434,5434,데이지에스테틱,,서울특별시 송파구 백제고분로17길 36 / 잠실동 210-4 (1층 101호) / 잠실새내역 2번 출구 도보 6분 거리,https://www.makangs.com/shop.php?code=5434,
www.makangs.com,2026-01-27T11:09:08+09:00,https://www.makangs.com/search_list.php?keyword=%EC%84%9C%EC%9A%B8,https://www.makangs.com/shop.php?code=5435,5435,청담본점,,"서울특별시 강남구 도산대로 412 / 청담동 2-10, 지하 2층 / 압구정로데오역 도보 8분",https://www.makangs.com/shop.php?code=5435,
www.makangs.com,2026-01-27T11:09:08+09:00,https://www.makangs.com/search_list.php?keyword=%EC%84%9C%EC%9A%B8,https://www.makangs.com/shop.php?code=5437,5437,에비앙,,서울특별시 강남구 신사동 (상세주소 문의) / 압구정역 4번 출구 인근,https://www.makangs.com/shop.php?code=5437,
www.makangs.com,2026-01-27T11:09:08+09:00,https://www.makangs.com/search_list.php?keyword=%EC%84%9C%EC%9A%B8,https://www.makangs.com/shop.php?code=5450,5450,차이테라피,,서울특별시 송파구 백제고분로48길 29 / 방이동 142-16 / 송파나루역 3번 출구 도보 9분,https://www.makangs.com/shop.php?code=5450,
www.makangs.com,2026-01-27T11:09:08+09:00,https://www.makangs.com/search_list.php?keyword=%EC%84%9C%EC%9A%B8,https://www.makangs.com/shop.php?code=5451,5451,크림,,서울특별시 강남구 강남대로118길 25 / 논현동 182-22 (2층) / 신논현역 3번 출구 도보 5분,https://www.makangs.com/shop.php?code=5451,
www.makangs.com,2026-01-27T11:09:08+09:00,https://www.makangs.com/search_list.php?keyword=%EC%84%9C%EC%9A%B8,https://www.makangs.com/shop.php?code=5456,5456,하이엔드스웨디시,,서울특별시 강남구 대치동 (상세주소 문의) / 선릉역 1번 출구 도보 2분,https://www.makangs.com/shop.php?code=5456,
www.makangs.com,2026-01-27T11:09:08+09:00,https://www.makangs.com/search_list.php?keyword=%EC%84%9C%EC%9A%B8,https://www.makangs.com/shop.php?code=5457,5457,휴테라피,,"서울특별시 광진구 아차산로51길 86 / 구의동 248-93, 201호",https://www.makangs.com/shop.php?code=5457,
www.makangs.com,2026-01-27T11:09:08+09:00,https://www.makangs.com/search_list.php?keyword=%EC%84%9C%EC%9A%B8,https://www.makangs.com/shop.php?code=5459,5459,모디스티스파,,서울특별시 강남구 논현로175길 68 / 신사동 549-9 (207호) / 압구정역 5번 출구 도보 8분,https://www.makangs.com/shop.php?code=5459,
www.makangs.com,2026-01-27T11:09:08+09:00,https://www.makangs.com/search_list.php?keyword=%EC%84%9C%EC%9A%B8,https://www.makangs.com/shop.php?code=5499,5499,20대사이즈스웨디시,,서울특별시 종로구 종로31가길 23 / 연지동 222 / 종로5가역 인근,https://www.makangs.com/shop.php?code=5499,
www.makangs.com,2026-01-27T11:09:08+09:00,https://www.makangs.com/search_list.php?keyword=%EC%84%9C%EC%9A%B8,https://www.makangs.com/shop.php?code=5500,5500,20대사이즈스웨디시,,서울특별시 강북구 덕릉로 99 / 번동 448-2 (북한산 드림 캐슬) / 수유역 도보 5분,https://www.makangs.com/shop.php?code=5500,
www.makangs.com,2026-01-27T11:09:08+09:00,https://www.makangs.com/search_list.php?keyword=%EC%84%9C%EC%9A%B8,https://www.makangs.com/shop.php?code=5501,5501,20대사이즈스웨디시,,"서울특별시 서대문구 이화여대1길 38 / 대현동 90-58, 다올노블리움1차 / 이대역 1번 출구 도보 3분",https://www.makangs.com/shop.php?code=5501,
www.makangs.com,2026-01-27T11:09:08+09:00,https://www.makangs.com/search_list.php?keyword=%EC%84%9C%EC%9A%B8,https://www.makangs.com/shop.php?code=5503,5503,에르메스,,서울특별시 중랑구 망우로 304 / 상봉동 101-19 / 상봉역 2번 출구 도보 5분,https://www.makangs.com/shop.php?code=5503,
www.makangs.com,2026-01-27T11:09:08+09:00,https://www.makangs.com/search_list.php?keyword=%EC%84%9C%EC%9A%B8,https://www.makangs.com/shop.php?code=5509,5509,휴힐링,,서울특별시 강남구 개포로 230 / 개포동 1217-1 / 매봉역 4번 출구 도보 15분,https://www.makangs.com/shop.php?code=5509,
www.makangs.com,2026-01-27T11:09:08+09:00,https://www.makangs.com/search_list.php?keyword=%EC%84%9C%EC%9A%B8,https://www.makangs.com/shop.php?code=5511,5511,엣지테라피,,경기도 시흥시 서울대학로278번길 26 / 배곧동 215 / 배곧아브뉴프랑 오렌지동 326호,https://www.makangs.com/shop.php?code=5511,
www.makangs.com,2026-01-27T11:09:08+09:00,https://www.makangs.com/search_list.php?keyword=%EC%84%9C%EC%9A%B8,https://www.makangs.com/shop.php?code=5515,5515,0.5마카롱스웨디시,,서울특별시 강남구 테헤란로4길 6 / 역삼동 825-20 / 강남역 1번 출구 인근,https://www.makangs.com/shop.php?code=5515,
www.makangs.com,2026-01-27T11:09:08+09:00,https://www.makangs.com/search_list.php?keyword=%EC%84%9C%EC%9A%B8,https://www.makangs.com/shop.php?code=5530,5530,아이콘스웨디시,,서울특별시 서초구 강남대로83길 68 / 반포동 732-22 / 신논현역 3번 출구 도보 5분,https://www.makangs.com/shop.php?code=5530,
www.makangs.com,2026-01-27T11:09:08+09:00,https://www.makangs.com/search_list.php?keyword=%EC%84%9C%EC%9A%B8,https://www.makangs.com/shop.php?code=5531,5531,자스민,,서울특별시 강남구 대치동 (상세주소 문의) / 선릉역 1번 출구 도보 3분﻿,https://www.makangs.com/shop.php?code=5531,
www.makangs.com,2026-01-27T11:09:08+09:00,https://www.makangs.com/search_list.php?keyword=%EC%84%9C%EC%9A%B8,https://www.makangs.com/shop.php?code=5542,5542,한결왁싱,,"서울특별시 강남구 삼성동 54-9 / 학동로82길 15, B1층 / 청담역 도보 3분",https://www.makangs.com/shop.php?code=5542,
www.makangs.com,2026-01-27T11:09:08+09:00,https://www.makangs.com/search_list.php?keyword=%EC%84%9C%EC%9A%B8,https://www.makangs.com/shop.php?code=5546,5546,미슐랭스웨디시,,서울특별시 강남구 역삼동 (상세주소 문의) / 강남역 인근,https://www.makangs.com/shop.php?code=5546,
www.makangs.com,2026-01-27T11:09:08+09:00,https://www.makangs.com/search_list.php?keyword=%EC%84%9C%EC%9A%B8,https://www.makangs.com/shop.php?code=5550,5550,숲스웨디시,,서울특별시 성북구 돌곶이로22길 5 / 석관동 246-13 (5층) / 돌곶이역 6번 출구 도보 1분,https://www.makangs.com/shop.php?code=5550,
www.makangs.com,2026-01-27T11:09:08+09:00,https://www.makangs.com/search_list.php?keyword=%EC%84%9C%EC%9A%B8,https://www.makangs.com/shop.php?code=5559,5559,시카고스웨디시,,서울특별시 강남구 논현동 (상세주소 문의) / 역삼역 & 신논현역 인근,https://www.makangs.com/shop.php?code=5559,
www.makangs.com,2026-01-27T11:09:08+09:00,https://www.makangs.com/search_list.php?keyword=%EC%84%9C%EC%9A%B8,https://www.makangs.com/shop.php?code=5560,5560,고야드스웨디시,,서울특별시 강남구 역삼동 (상세주소 문의) / 강남역 인근,https://www.makangs.com/shop.php?code=5560,
www.makangs.com,2026-01-27T11:09:08+09:00,https://www.makangs.com/search_list.php?keyword=%EC%84%9C%EC%9A%B8,https://www.makangs.com/shop.php?code=5561,5561,샤인테라피,,서울특별시 구로구 도림천로 446 / 구로동 186-7 / 구로디지털단지역 3번 출구 도보 2분,https://www.makangs.com/shop.php?code=5561,
www.makangs.com,2026-01-27T11:09:08+09:00,https://www.makangs.com/search_list.php?keyword=%EC%84%9C%EC%9A%B8,https://www.makangs.com/shop.php?code=5565,5565,매니아테라피,,"서울특별시 영등포구 영중로10길 28 / 영등포동3가 15-7, 3층 / 영등포역 5번 출구 도보 5분",https://www.makangs.com/shop.php?code=5565,
www.makangs.com,2026-01-27T11:09:08+09:00,https://www.makangs.com/search_list.php?keyword=%EC%84%9C%EC%9A%B8,https://www.makangs.com/shop.php?code=5580,5580,누아테라피,,서울특별시 서대문구 통일로 432-2 / 홍제동 174-28 (3층) / 홍제역 2번 출구 1분 거리,https://www.makangs.com/shop.php?code=5580,
www.makangs.com,2026-01-27T11:09:08+09:00,https://www.makangs.com/search_list.php?keyword=%EC%84%9C%EC%9A%B8,https://www.makangs.com/shop.php?code=5582,5582,설포맨,,서울특별시 강남구 학동로82길 15 / 삼성동 54-9 / 청담동 5번 출구 도보 2분,https://www.makangs.com/shop.php?code=5582,
www.makangs.com,2026-01-27T11:09:08+09:00,https://www.makangs.com/search_list.php?keyword=%EC%84%9C%EC%9A%B8,https://www.makangs.com/shop.php?code=5585,5585,바닐라스웨디시,,서울특별시 노원구 상계동 (상세주소 문의) / 수락산역 도보 2분,https://www.makangs.com/shop.php?code=5585,
www.makangs.com,2026-01-27T11:09:08+09:00,https://www.makangs.com/search_list.php?keyword=%EC%84%9C%EC%9A%B8,https://www.makangs.com/shop.php?code=5600,5600,수빈,,서울특별시 광진구 구의동 (상세주소 문의),https://www.makangs.com/shop.php?code=5600,
www.makangs.com,2026-01-27T11:09:08+09:00,https://www.makangs.com/search_list.php?keyword=%EC%84%9C%EC%9A%B8,https://www.makangs.com/shop.php?code=5607,5607,황제테라피,,"서울특별시 서초구 강남대로37길 60 / 서초동 1364-12, 부국빌딩 / 양재역 도보 4분",https://www.makangs.com/shop.php?code=5607,
www.makangs.com,2026-01-27T11:09:08+09:00,https://www.makangs.com/search_list.php?keyword=%EC%84%9C%EC%9A%B8,https://www.makangs.com/shop.php?code=5610,5610,은채,,"서울특별시 서초구 마방로10길 25 / 양재동 275-3, 트윈타워 A동 지하 1층 117호 / 삼호물산빌딩 뒷 건물",https://www.makangs.com/shop.php?code=5610,
www.makangs.com,2026-01-27T11:09:08+09:00,https://www.makangs.com/search_list.php?keyword=%EC%84%9C%EC%9A%B8,https://www.makangs.com/shop.php?code=5615,5615,몽스웨디시,,서울특별시 송파구 방이동 (상세주소 문의) / 몽촌토성역 3번 출구 도보 2분,https://www.makangs.com/shop.php?code=5615,
www.makangs.com,2026-01-27T11:09:08+09:00,https://www.makangs.com/search_list.php?keyword=%EC%84%9C%EC%9A%B8,https://www.makangs.com/shop.php?code=5623,5623,카스탈리아,,서울특별시 강남구 언주로150길 14 / 논현동 97-26,https://www.makangs.com/shop.php?code=5623,
www.makangs.com,2026-01-27T11:09:08+09:00,https://www.makangs.com/search_list.php?keyword=%EC%84%9C%EC%9A%B8,https://www.makangs.com/shop.php?code=5626,5626,사쿠라스웨디시,,"서울특별시 영등포구 영등포로 237-1 / 영등포동5가 2, 3층 / 영등포시장역 인근",https://www.makangs.com/shop.php?code=5626,
www.makangs.com,2026-01-27T11:09:08+09:00,https://www.makangs.com/search_list.php?keyword=%EC%84%9C%EC%9A%B8,https://www.makangs.com/shop.php?code=5627,5627,소민,,서울특별시 광진구 군자동 (상세주소 문의) / 군자역 4번 출구 도보 2분,https://www.makangs.com/shop.php?code=5627,
www.makangs.com,2026-01-27T11:09:08+09:00,https://www.makangs.com/search_list.php?keyword=%EC%84%9C%EC%9A%B8,https://www.makangs.com/shop.php?code=5648,5648,20대사이즈스웨디시,,서울특별시 관악구 신림동5가길 13 / 신림동 1437-19 / 신림역 5번 출구 도보 6분,https://www.makangs.com/shop.php?code=5648,
www.makangs.com,2026-01-27T11:09:08+09:00,https://www.makangs.com/search_list.php?keyword=%EC%84%9C%EC%9A%B8,https://www.makangs.com/shop.php?code=5651,5651,당근테라피,,서울특별시 영등포구 영중로10길 18 / 영등포동3가 16-1 (지하 2층) / 영등포역 5번 출구 도보 5분,https://www.makangs.com/shop.php?code=5651,
www.makangs.com,2026-01-27T11:09:08+09:00,https://www.makangs.com/search_list.php?keyword=%EC%84%9C%EC%9A%B8,https://www.makangs.com/shop.php?code=5655,5655,딸기,,서울특별시 금천구 가산동 (상세주소 문의) / 한라시그마밸리 기업은행 인근,https://www.makangs.com/shop.php?code=5655,
www.makangs.com,2026-01-27T11:09:08+09:00,https://www.makangs.com/search_list.php?keyword=%EC%84%9C%EC%9A%B8,https://www.makangs.com/shop.php?code=5667,5667,메이약손마사지(강남점),,서울특별시 강남구 봉은사로4길 32 / 역삼동 813-3 / 신논현역 6번 출구 도보 3분,https://www.makangs.com/shop.php?code=5667,
www.makangs.com,2026-01-27T11:09:08+09:00,https://www.makangs.com/search_list.php?keyword=%EC%84%9C%EC%9A%B8,https://www.makangs.com/shop.php?code=5668,5668,민트스웨디시,,서울특별시 강남구 강남대로154길 11 / 신사동 511-18 / 신사역 7번 출구 도보 1분,https://www.makangs.com/shop.php?code=5668,
www.makangs.com,2026-01-27T11:09:08+09:00,https://www.makangs.com/search_list.php?keyword=%EC%84%9C%EC%9A%B8,https://www.makangs.com/shop.php?code=5696,5696,하트스웨디시,,서울특별시 강동구 구천면로24길 11 / 천호동 416-5 / 천호역 5번 출구 도보 4분,https://www.makangs.com/shop.php?code=5696,
www.makangs.com,2026-01-27T11:09:08+09:00,https://www.makangs.com/search_list.php?keyword=%EC%84%9C%EC%9A%B8,https://www.makangs.com/shop.php?code=5697,5697,밀크스웨디시,,서울특별시 광진구 자양동 (상세주소 문의) / 건대입구역 1번 출구 인근,https://www.makangs.com/shop.php?code=5697,
www.makangs.com,2026-01-27T11:09:08+09:00,https://www.makangs.com/search_list.php?keyword=%EC%84%9C%EC%9A%B8,https://www.makangs.com/shop.php?code=5698,5698,레몬스웨디시,,서울특별시 구로구 도림천로 448 / 구로동 187-3 / 구로디지털단지역 3번 출구 도보 2분,https://www.makangs.com/shop.php?code=5698,
www.makangs.com,2026-01-27T11:09:08+09:00,https://www.makangs.com/search_list.php?keyword=%EC%84%9C%EC%9A%B8,https://www.makangs.com/shop.php?code=5707,5707,20대사이즈스웨디시,,서울특별시 중랑구 면목로92나길 10-2 / 상봉동 104-24 / 상봉역 인근,https://www.makangs.com/shop.php?code=5707,
www.makangs.com,2026-01-27T11:09:08+09:00,https://www.makangs.com/search_list.php?keyword=%EC%84%9C%EC%9A%B8,https://www.makangs.com/shop.php?code=5708,5708,20대사이즈스웨디시,,서울특별시 마포구 마포대로 52 / 도화동 36 / 마포역 도보 1분 거리,https://www.makangs.com/shop.php?code=5708,
www.makangs.com,2026-01-27T11:09:08+09:00,https://www.makangs.com/search_list.php?keyword=%EC%84%9C%EC%9A%B8,https://www.makangs.com/shop.php?code=5713,5713,티오피스웨디시,,서울특별시 성동구 성수동 (상세주소 문의) / 뚝섬역 도보 3분,https://www.makangs.com/shop.php?code=5713,
www.makangs.com,2026-01-27T11:09:08+09:00,https://www.makangs.com/search_list.php?keyword=%EC%84%9C%EC%9A%B8,https://www.makangs.com/shop.php?code=5714,5714,엠마오테라피,,서울특별시 영등포구 국회대로72길 11 / 여의도동 13-20 (프린스텔 508호) / 국회의사당역 1번 출구 도보 5분,https://www.makangs.com/shop.php?code=5714,
www.makangs.com,2026-01-27T11:09:08+09:00,https://www.makangs.com/search_list.php?keyword=%EC%84%9C%EC%9A%B8,https://www.makangs.com/shop.php?code=5720,5720,라일락,,서울특별시 서초구 서초동 (상세주소 문의) / 강남역 5번 출구 도보 3분,https://www.makangs.com/shop.php?code=5720,
www.makangs.com,2026-01-27T11:09:08+09:00,https://www.makangs.com/search_list.php?keyword=%EC%84%9C%EC%9A%B8,https://www.makangs.com/shop.php?code=5732,5732,브라운가넷,,서울특별시 강남구 역삼동 (상세주소 문의) / 선릉역 도보 3분,https://www.makangs.com/shop.php?code=5732,
www.makangs.com,2026-01-27T11:09:08+09:00,https://www.makangs.com/search_list.php?keyword=%EC%84%9C%EC%9A%B8,https://www.makangs.com/shop.php?code=629,629,크리스탈힐링센터,,서울특별시 강남구 개포로 230 개포동 1217-1 영독빌딩 2층,https://www.makangs.com/shop.php?code=629,
www.makangs.com,2026-01-27T11:09:08+09:00,https://www.makangs.com/search_list.php?keyword=%EC%84%9C%EC%9A%B8,https://www.makangs.com/shop.php?code=630,630,아이스왁싱＆브로우,,서울특별시 강남구 강남대로62길 11 역삼동 837-23 5층,https://www.makangs.com/shop.php?code=630,
www.makangs.com,2026-01-27T11:09:08+09:00,https://www.makangs.com/search_list.php?keyword=%EC%84%9C%EC%9A%B8,https://www.makangs.com/shop.php?code=643,643,더벤타이,,서울 강동구 천호대로 1124 강동역 3번 출구 도보 5분,https://www.makangs.com/shop.php?code=643,
www.makangs.com,2026-01-27T11:09:08+09:00,https://www.makangs.com/search_list.php?keyword=%EC%84%9C%EC%9A%B8,https://www.makangs.com/shop.php?code=644,644,라온타이,,서울특별시 강남구 역삼동 721-3,https://www.makangs.com/shop.php?code=644,
www.makangs.com,2026-01-27T11:09:08+09:00,https://www.makangs.com/search_list.php?keyword=%EC%84%9C%EC%9A%B8,https://www.makangs.com/shop.php?code=653,653,해피365,,서울특별시 강북구 도봉로 255 / 수유동 54-9,https://www.makangs.com/shop.php?code=653,
www.makangs.com,2026-01-27T11:09:08+09:00,https://www.makangs.com/search_list.php?keyword=%EC%84%9C%EC%9A%B8,https://www.makangs.com/shop.php?code=654,654,타이팰리스,,서울특별시 강남구 언주로93길 30,https://www.makangs.com/shop.php?code=654,
www.makangs.com,2026-01-27T11:09:08+09:00,https://www.makangs.com/search_list.php?keyword=%EC%84%9C%EC%9A%B8,https://www.makangs.com/shop.php?code=656,656,스파노블,,서울특별시 강남구 테헤란로43길 14,https://www.makangs.com/shop.php?code=656,
www.makangs.com,2026-01-27T11:09:08+09:00,https://www.makangs.com/search_list.php?keyword=%EC%84%9C%EC%9A%B8,https://www.makangs.com/shop.php?code=669,669,잘풀리는샵,,서울특별시 강남구 강남대로116길 38,https://www.makangs.com/shop.php?code=669,
www.makangs.com,2026-01-27T11:09:08+09:00,https://www.makangs.com/search_list.php?keyword=%EC%84%9C%EC%9A%B8,https://www.makangs.com/shop.php?code=675,675,힐타이,,서울특별시 강북구 도봉로82길 14,https://www.makangs.com/shop.php?code=675,
www.makangs.com,2026-01-27T11:09:08+09:00,https://www.makangs.com/search_list.php?keyword=%EC%84%9C%EC%9A%B8,https://www.makangs.com/shop.php?code=676,676,강남예본수기테라피,,서울 강남구 학동로 223,https://www.makangs.com/shop.php?code=676,
www.makangs.com,2026-01-27T11:09:08+09:00,https://www.makangs.com/search_list.php?keyword=%EC%84%9C%EC%9A%B8,https://www.makangs.com/shop.php?code=682,682,메이드테라피,,서울특별시 강남구 삼성로103길 22 / 삼성동 122-30,https://www.makangs.com/shop.php?code=682,
www.makangs.com,2026-01-27T11:09:08+09:00,https://www.makangs.com/search_list.php?keyword=%EC%84%9C%EC%9A%B8,https://www.makangs.com/shop.php?code=69,69,오늘스웨디시,,"서울특별시 강남구 테헤란로20길 11 / 역삼동 736-18, 지하 1층 / 역삼역 3번 출구 도보 3분",https://www.makangs.com/shop.php?code=69,
www.makangs.com,2026-01-27T11:09:08+09:00,https://www.makangs.com/search_list.php?keyword=%EC%84%9C%EC%9A%B8,https://www.makangs.com/shop.php?code=690,690,황실건전마사지,,서울특별시 강서구 강서로 385,https://www.makangs.com/shop.php?code=690,
www.makangs.com,2026-01-27T11:09:08+09:00,https://www.makangs.com/search_list.php?keyword=%EC%84%9C%EC%9A%B8,https://www.makangs.com/shop.php?code=693,693,타이하우스,,서울특별시 강북구 도봉로 380 수유역 1번출구 도보 5분,https://www.makangs.com/shop.php?code=693,
www.makangs.com,2026-01-27T11:09:08+09:00,https://www.makangs.com/search_list.php?keyword=%EC%84%9C%EC%9A%B8,https://www.makangs.com/shop.php?code=694,694,쿤타이,,서울특별시 강북구 한천로 1057,https://www.makangs.com/shop.php?code=694,
www.makangs.com,2026-01-27T11:09:08+09:00,https://www.makangs.com/search_list.php?keyword=%EC%84%9C%EC%9A%B8,https://www.makangs.com/shop.php?code=697,697,더마사지,,"서울특별시 강서구 양천로 351 / 가양동 138-12, 4층 / 양천향교역 4번 출구 인근",https://www.makangs.com/shop.php?code=697,
www.makangs.com,2026-01-27T11:09:08+09:00,https://www.makangs.com/search_list.php?keyword=%EC%84%9C%EC%9A%B8,https://www.makangs.com/shop.php?code=699,699,수힐링명가,,서울특별시 강서구 방화대로 294,https://www.makangs.com/shop.php?code=699,
www.makangs.com,2026-01-27T11:09:08+09:00,https://www.makangs.com/search_list.php?keyword=%EC%84%9C%EC%9A%B8,https://www.makangs.com/shop.php?code=709,709,승승관리,,서울특별시 광진구 아차산로 291,https://www.makangs.com/shop.php?code=709,
www.makangs.com,2026-01-27T11:09:08+09:00,https://www.makangs.com/search_list.php?keyword=%EC%84%9C%EC%9A%B8,https://www.makangs.com/shop.php?code=714,714,타이하우스,,서울특별시 광진구 광나루로 392 / 화양동 212,https://www.makangs.com/shop.php?code=714,
www.makangs.com,2026-01-27T11:09:08+09:00,https://www.makangs.com/search_list.php?keyword=%EC%84%9C%EC%9A%B8,https://www.makangs.com/shop.php?code=716,716,태국전통왓포,,서울특별시 광진구 능동로 271,https://www.makangs.com/shop.php?code=716,
www.makangs.com,2026-01-27T11:09:08+09:00,https://www.makangs.com/search_list.php?keyword=%EC%84%9C%EC%9A%B8,https://www.makangs.com/shop.php?code=720,720,힐링테라피,,서울특별시 광진구 능동로38길 9 / 중곡동 158-35 한양빌딩 2층,https://www.makangs.com/shop.php?code=720,
www.makangs.com,2026-01-27T11:09:08+09:00,https://www.makangs.com/search_list.php?keyword=%EC%84%9C%EC%9A%B8,https://www.makangs.com/shop.php?code=723,723,명가테라피,,서울특별시 관악구 남부순환로172길 10 2층 신림역 4번출구 인근,https://www.makangs.com/shop.php?code=723,
www.makangs.com,2026-01-27T11:09:08+09:00,https://www.makangs.com/search_list.php?keyword=%EC%84%9C%EC%9A%B8,https://www.makangs.com/shop.php?code=735,735,힐링바디풋케어,,서울특별시 구로구 가마산로 225 / 구로동 437,https://www.makangs.com/shop.php?code=735,
www.makangs.com,2026-01-27T11:09:08+09:00,https://www.makangs.com/search_list.php?keyword=%EC%84%9C%EC%9A%B8,https://www.makangs.com/shop.php?code=741,741,수아로마,,서울특별시 구로구 오리로 1154-7,https://www.makangs.com/shop.php?code=741,
www.makangs.com,2026-01-27T11:09:08+09:00,https://www.makangs.com/search_list.php?keyword=%EC%84%9C%EC%9A%B8,https://www.makangs.com/shop.php?code=752,752,바닐라스웨디시,,서울특별시 동대문구 신설동 (상세주소 문의) / 신설동역 7번 출구 인근,https://www.makangs.com/shop.php?code=752,
www.makangs.com,2026-01-27T11:09:08+09:00,https://www.makangs.com/search_list.php?keyword=%EC%84%9C%EC%9A%B8,https://www.makangs.com/shop.php?code=753,753,웰빙바디풋샵,,서울특별시 동작구 동작대로25길 41,https://www.makangs.com/shop.php?code=753,
www.makangs.com,2026-01-27T11:09:08+09:00,https://www.makangs.com/search_list.php?keyword=%EC%84%9C%EC%9A%B8,https://www.makangs.com/shop.php?code=757,757,더풋샵,,서울특별시 마포구 토정로 320,https://www.makangs.com/shop.php?code=757,
www.makangs.com,2026-01-27T11:09:08+09:00,https://www.makangs.com/search_list.php?keyword=%EC%84%9C%EC%9A%B8,https://www.makangs.com/shop.php?code=759,759,테라피포유,,서울특별시 마포구 어울마당로 45-1,https://www.makangs.com/shop.php?code=759,
www.makangs.com,2026-01-27T11:09:08+09:00,https://www.makangs.com/search_list.php?keyword=%EC%84%9C%EC%9A%B8,https://www.makangs.com/shop.php?code=776,776,쿤타이,,서울특별시 성북구 동소문로 119-1,https://www.makangs.com/shop.php?code=776,
www.makangs.com,2026-01-27T11:09:08+09:00,https://www.makangs.com/search_list.php?keyword=%EC%84%9C%EC%9A%B8,https://www.makangs.com/shop.php?code=784,784,로즈살롱,,서울특별시 성북구 동소문로 248,https://www.makangs.com/shop.php?code=784,
www.makangs.com,2026-01-27T11:09:08+09:00,https://www.makangs.com/search_list.php?keyword=%EC%84%9C%EC%9A%B8,https://www.makangs.com/shop.php?code=788,788,W스파,,서울특별시 서초구 서초중앙로 95 2층 교대역 14번출구 인근,https://www.makangs.com/shop.php?code=788,
www.makangs.com,2026-01-27T11:09:08+09:00,https://www.makangs.com/search_list.php?keyword=%EC%84%9C%EC%9A%B8,https://www.makangs.com/shop.php?code=789,789,몸사랑,,서울특별시 송파구 동남로18길 29,https://www.makangs.com/shop.php?code=789,
www.makangs.com,2026-01-27T11:09:08+09:00,https://www.makangs.com/search_list.php?keyword=%EC%84%9C%EC%9A%B8,https://www.makangs.com/shop.php?code=793,793,내몸사랑,,서울특별시 송파구 오금로44길 9 / 가락동 174-10 / 개롱역 3번 출구 도보 3분,https://www.makangs.com/shop.php?code=793,
www.makangs.com,2026-01-27T11:09:08+09:00,https://www.makangs.com/search_list.php?keyword=%EC%84%9C%EC%9A%B8,https://www.makangs.com/shop.php?code=794,794,그린테라피,,서울특별시 송파구 백제고분로 115,https://www.makangs.com/shop.php?code=794,
www.makangs.com,2026-01-27T11:09:08+09:00,https://www.makangs.com/search_list.php?keyword=%EC%84%9C%EC%9A%B8,https://www.makangs.com/shop.php?code=795,795,마이타이,,서울특별시 서초구 서초대로73길 54 2층 신논현역 7번출구 3분,https://www.makangs.com/shop.php?code=795,
www.makangs.com,2026-01-27T11:09:08+09:00,https://www.makangs.com/search_list.php?keyword=%EC%84%9C%EC%9A%B8,https://www.makangs.com/shop.php?code=796,796,약손테라피,,서울특별시 송파구 백제고분로41길 8,https://www.makangs.com/shop.php?code=796,
www.makangs.com,2026-01-27T11:09:08+09:00,https://www.makangs.com/search_list.php?keyword=%EC%84%9C%EC%9A%B8,https://www.makangs.com/shop.php?code=808,808,라마타이,,서울특별시 중랑구 사가정로 401 / 면목동 472-18,https://www.makangs.com/shop.php?code=808,
www.makangs.com,2026-01-27T11:09:08+09:00,https://www.makangs.com/search_list.php?keyword=%EC%84%9C%EC%9A%B8,https://www.makangs.com/shop.php?code=810,810,로얄타이,,서울특별시 중랑구 망우로32길 13,https://www.makangs.com/shop.php?code=810,
www.makangs.com,2026-01-27T11:09:08+09:00,https://www.makangs.com/search_list.php?keyword=%EC%84%9C%EC%9A%B8,https://www.makangs.com/shop.php?code=812,812,THE해피타이,,서울특별시 중랑구 망우로32길 6 / 상봉동 130-127,https://www.makangs.com/shop.php?code=812,
www.makangs.com,2026-01-27T11:09:08+09:00,https://www.makangs.com/search_list.php?keyword=%EC%84%9C%EC%9A%B8,https://www.makangs.com/shop.php?code=94,94,더힐스웨디시,,"서울특별시 강서구 양천로 360 / 가양동 131-4, 3층 /  양천향교역 5번 출구 도보 3분",https://www.makangs.com/shop.php?code=94,
